phone_number,place_id,email,business_name,full_address,street,cid,image,municipality,plus_code,social_media_links,opening_hours,google_map_url,latitude,longitude,reviews_url,average_rating,review_count,website,categories,phones
0803 644 9242,ChIJTx0YD5aTOxARiKlcvNaqunA,,Emho Roofing & Gutters,"4, Dosu ogundele street, off Akowonjo Rd, Egbeda 102213, Lagos, Nigeria","4, Dosu ogundele street, off Akowonjo Road, Lagos",8122992717176023432,https://lh3.googleusercontent.com/places/ANJU3DtbbvclYVlMEqOWKOzgBZSh3w0NyMkZaac-GUzwzIs0gfkIQWVHIfNMuBXjdL8i6HJNCdD0x1IqST0OHcOlqCc50gq__g-tIg=s1600-w400,"Lagos, LA 102213",6FR5J72W+3P,Facebook:  https://www.facebook.com/1096979427104143/   ,"Monday: [Open 24 hours], Tuesday: [Open 24 hours], Wednesday: [Open 24 hours], Thursday: [Open 24 hours], Friday: [Open 24 hours], Saturday: [Open 24 hours], Sunday: [Closed]",https://maps.google.com/?cid=8122992717176023432,6.6001702,3.296846,https://search.google.com/local/reviews?placeid=ChIJTx0YD5aTOxARiKlcvNaqunA&q=Emho+Roofing+%26+Gutters%2C+4%2C+Dosu+ogundele+street%2C+off+Akowonjo+Rd%2C+Egbeda+102213%2C+Lagos%2C+Nigeria&authuser=0&hl=en&gl=US,4.7,15,https://emhoroofinggutters.business.site/,"roofing_contractor, point_of_interest, establishment",+234 803 644 9242
(206) 935-1575,ChIJZxwBbtFBkFQR607Xy8vDhjE,,A Better Roofing Company,"4126 Airport Way S, Seattle, WA 98108, USA","4126 Airport Way South, Seattle",3568755034803359467,https://lh3.googleusercontent.com/places/ANJU3Dvon3dq-biFAlotRgK9J3BYl9iYEvbHhPmrdk0i2SO0m-tydwALRuwN8w-N6UOidPBtrdxrDgzhN0QasFY8Ip7y6_TbnRVHVNg=s1600-w400,"Seattle, WA 98108",84VVHM8H+M2,,"Monday: [7:00 AM – 3:30 PM], Tuesday: [7:00 AM – 3:30 PM], Wednesday: [7:00 AM – 3:30 PM], Thursday: [7:00 AM – 3:30 PM], Friday: [7:00 AM – 3:30 PM], Saturday: [Closed], Sunday: [Closed]",https://maps.google.com/?cid=3568755034803359467,47.5667278,-122.3223804,https://search.google.com/local/reviews?placeid=ChIJZxwBbtFBkFQR607Xy8vDhjE&q=A+Better+Roofing+Company%2C+4126+Airport+Way+S%2C+Seattle%2C+WA+98108%2C+USA&authuser=0&hl=en&gl=US,4.7,61,https://www.abetterroofing.com/?utm_source=google&utm_medium=GMB&utm_campaign=profile,"roofing_contractor, point_of_interest, establishment",+1 206-935-1575
0903 741 0074,ChIJ5RVbn_yROxARcgNK_642_EU,,Bright Star Aluminium Roofing system,"Mulero Street, Ipaja Rd, Agege 102212, Lagos, Nigeria","Mulero Street, Ipaja Road, Lagos",5042965807983362930,https://lh3.googleusercontent.com/places/ANJU3DughLisDNnvbIUzgxMczh8zl9Df-5xPMaWeuGEdgMw9xnzeq_d8VmrDLmWbm2ezj2keiXiB34aAoC3OzJaQoh6jvU5IKcvhSiE=s1600-w400,"Lagos, LA 102212",6FR5J8G5+63,,"Monday: [8:30 AM – 6:00 PM], Tuesday: [8:30 AM – 6:00 PM], Wednesday: [8:30 AM – 6:00 PM], Thursday: [8:30 AM – 6:00 PM], Friday: [8:30 AM – 5:30 PM], Saturday: [8:30 AM – 5:00 PM], Sunday: [Closed]",https://maps.google.com/?cid=5042965807983362930,6.625579699999999,3.307635,https://search.google.com/local/reviews?placeid=ChIJ5RVbn_yROxARcgNK_642_EU&q=Bright+Star+Aluminium+Roofing+system%2C+Mulero+Street%2C+Ipaja+Rd%2C+Agege+102212%2C+Lagos%2C+Nigeria&authuser=0&hl=en&gl=US,5,14,https://brightstaraluminiumsales.business.site/?utm_source=gmb&utm_medium=referral,"roofing_contractor, store, point_of_interest, establishment",+234 903 741 0074
(206) 207-2039,ChIJnc2rQHprkFQReKxiJMhFz30,,Roofing Guys,"119 1st Ave S #1, Seattle, WA 98104, USA","119 1st Avenue South #1, Seattle",9065541300826319992,https://lh3.googleusercontent.com/places/ANJU3DuUYwClBVO4pYK_jBI8A7N3KQKIOl8P-Iwi17OL2WhcYc3Io4w7UPlNX0vi_kGHCMvOMq5wRwsUmTwh7sm_d0QMAcevVPxn8FU=s1600-w400,"Seattle, WA 98104",84VVJM28+C5,,"Monday: [7:00 AM – 8:00 PM], Tuesday: [7:00 AM – 8:00 PM], Wednesday: [7:00 AM – 8:00 PM], Thursday: [7:00 AM – 8:00 PM], Friday: [7:00 AM – 8:00 PM], Saturday: [7:00 AM – 8:00 PM], Sunday: [7:00 AM – 8:00 PM]",https://maps.google.com/?cid=9065541300826319992,47.6010575,-122.3345728,https://search.google.com/local/reviews?placeid=ChIJnc2rQHprkFQReKxiJMhFz30&q=Roofing+Guys%2C+119+1st+Ave+S+%231%2C+Seattle%2C+WA+98104%2C+USA&authuser=0&hl=en&gl=US,5,7,https://roofingrepairguy.com/seattle-wa/,"roofing_contractor, point_of_interest, establishment",+1 206-207-2039
(206) 210-3300,ChIJF5KS6nwVkFQRZeHe9Yi9dfY,,Three Tree Roofing,"1455 Leary Wy NW, Seattle, WA 98107, USA","1455 Leary Way Northwest, Seattle",17759309101543645541,https://lh3.googleusercontent.com/places/ANJU3Du3Qjut0145_ecXORODd-m2di3sQR1syeiJMawD0EY3FL-BtYYrkl8xKKS6mG2tkEtH-X1dfQiHzOPuK30I5QbfQ0mJlhwWRGk=s1600-w400,"Seattle, WA 98107",84VVMJ7F+CM,Facebook:  https://www.facebook.com/ThreeTreeRoofing/   Twitter:  https://www.Twitter.com/threetreeroof/    Instagram:  https://www.Instagram.com/Threetreeroofing/ LinkedIn:  https://www.LinkedIn.com/company/three-tree-roofing/  YouTube_Channel:  https://www.youtube.com/channel/UC5oY2ZyDrSBCO25F6szaf1w/  ,"Monday: [7:00 AM – 4:00 PM], Tuesday: [7:00 AM – 4:00 PM], Wednesday: [7:00 AM – 4:00 PM], Thursday: [7:00 AM – 4:00 PM], Friday: [7:00 AM – 4:00 PM], Saturday: [Closed], Sunday: [Closed]",https://maps.google.com/?cid=17759309101543645541,47.66354239999999,-122.3758284,https://search.google.com/local/reviews?placeid=ChIJF5KS6nwVkFQRZeHe9Yi9dfY&q=Three+Tree+Roofing%2C+1455+Leary+Wy+NW%2C+Seattle%2C+WA+98107%2C+USA&authuser=0&hl=en&gl=US,5,11,https://www.threetreeroofing.com/contact-three-tree-roofing/three-tree-roofing-seattle-company-office/,"roofing_contractor, general_contractor, point_of_interest, establishment",+1 206-210-3300
0808 800 0310,ChIJYQ-9S9OROxAR1I6ilpEFiO0,,STAR-SUN ALUMINUM ROOFING LIMITED,"6 Yaba Ln, Dopemu 100218, Ikeja, Lagos, Nigeria","6 Yaba Lane, Ikeja",17115936506677202644,https://lh3.googleusercontent.com/places/ANJU3DtBX5Q2BdRnuKh_LSW9qUDEE09jTOF4mafYyrr2Ux_63G7htaxuewr4rNjHVoC2QQ8Kc24IEE7pyETxSQFaEji9BNwtolkErR0=s1600-w400,"Ikeja, LA 100218",6FR5J82Q+M4,Not Available,"Monday: [8:00 AM – 6:30 PM], Tuesday: [8:30 AM – 6:30 PM], Wednesday: [8:30 AM – 6:30 PM], Thursday: [8:30 AM – 6:30 PM], Friday: [8:30 AM – 6:30 PM], Saturday: [8:30 AM – 6:30 PM], Sunday: [Closed]",https://maps.google.com/?cid=17115936506677202644,6.6016336,3.3377856,https://search.google.com/local/reviews?placeid=ChIJYQ-9S9OROxAR1I6ilpEFiO0&q=STAR-SUN+ALUMINUM+ROOFING+LIMITED%2C+6+Yaba+Ln%2C+Dopemu+100218%2C+Ikeja%2C+Lagos%2C+Nigeria&authuser=0&hl=en&gl=US,5,7,,"roofing_contractor, point_of_interest, establishment",+234 808 800 0310
(253) 765-5754,ChIJYX-AQJNqkFQRg70khVUw72s,,Seattle Authentic Roofing & Siding,"1908 S Bush Pl, Seattle, WA 98144, USA","1908 South Bush Place, Seattle",7777488225356266883,https://encrypted-tbn0.gstatic.com/images?q=tbn:ANd9GcSX1mtYL8f3jCPWwGO9yCiCJlbi8LikmuJMew,"Seattle, WA 98144",84VVHMVR+5X,Not Available,"Monday: [Open 24 hours], Tuesday: [Open 24 hours], Wednesday: [Open 24 hours], Thursday: [Open 24 hours], Friday: [Open 24 hours], Saturday: [Open 24 hours], Sunday: [Open 24 hours]",https://maps.google.com/?cid=7777488225356266883,47.5929225,-122.3075816,https://search.google.com/local/reviews?placeid=ChIJYX-AQJNqkFQRg70khVUw72s&q=Seattle+Authentic+Roofing+%26+Siding%2C+1908+S+Bush+Pl%2C+Seattle%2C+WA+98144%2C+USA&authuser=0&hl=en&gl=US,5,5,,"roofing_contractor, point_of_interest, establishment",+1 253-765-5754
0802 488 8351,ChIJfyFC8AaROxARDNj3xwtxz6s,,Sobez Advanced Roofing,"local government, Alimosho Rd, Alimosho 102213, Lagos, Nigeria","local government, Alimosho Road, Lagos",12380238196078270476,https://lh3.googleusercontent.com/places/ANJU3Ds3MttpbyI6e2FbQlource-hfrjClsZKiRs7_Sy_Z-CQzuIh1PYm59VFx_yYNKO8REWzfXW7LxjwvfkfHhuWUD3hYlTR4YtiA8=s1600-w400,"Lagos, LA 102213",6FR5J862+J9,Not Available,"Monday: [8:00 AM – 6:00 PM], Tuesday: [8:00 AM – 6:00 PM], Wednesday: [8:00 AM – 6:00 PM], Thursday: [8:00 AM – 6:00 PM], Friday: [8:00 AM – 6:00 PM], Saturday: [9:00 AM – 4:00 PM], Sunday: [Closed]",https://maps.google.com/?cid=12380238196078270476,6.6115509,3.3009447,https://search.google.com/local/reviews?placeid=ChIJfyFC8AaROxARDNj3xwtxz6s&q=Sobez+Advanced+Roofing%2C+local+government%2C+Alimosho+Rd%2C+Alimosho+102213%2C+Lagos%2C+Nigeria&authuser=0&hl=en&gl=US,4.7,3,,"roofing_contractor, point_of_interest, establishment",+234 802 488 8351
0902 006 9988,ChIJiyYgGmSROxARPM2F-TlwIRE,,Best Roofing services,"5 Akintoye St, iyana ipaja 102212, Lagos, Nigeria","5 Akintoye Street, Lagos",1234391167177968956,https://lh3.googleusercontent.com/places/ANJU3DsT40Y52XATc0uWna90Uw9gfOjJcxvSDJUT6gUhg-sZiledNG6RD3y0SFNs5vgEs35iOpAzkfRRQ-Eg97ibp0cWoi45hUcnjgw=s1600-w400,"Lagos, LA 102212",6FR5J893+C5,,"Monday: [Open 24 hours], Tuesday: [Open 24 hours], Wednesday: [Open 24 hours], Thursday: [Open 24 hours], Friday: [Open 24 hours], Saturday: [Open 24 hours], Sunday: [Open 24 hours]",https://maps.google.com/?cid=1234391167177968956,6.618532500000001,3.3028902,https://search.google.com/local/reviews?placeid=ChIJiyYgGmSROxARPM2F-TlwIRE&q=Best+Roofing+services%2C+5+Akintoye+St%2C+iyana+ipaja+102212%2C+Lagos%2C+Nigeria&authuser=0&hl=en&gl=US,,,https://bestroofingservices.business.site/?utm_source=gmb&utm_medium=referral,"roofing_contractor, point_of_interest, store, establishment",+234 902 006 9988
0813 441 3579,ChIJZ1ngHA-JOxAROO0RxZBS6qw,contact@scheckmates.org,Scheckmates Services,"40/41 4th Ave, Festac Town 101232, Lagos, Nigeria","40/41 4th Avenue, Lagos",12459862100808953144,https://lh3.googleusercontent.com/places/ANJU3Dt-53tQyni0_TBFyg3xOFSWqeSlBQj0WsTORLjhlYOPGV81puLD0wxGliexOZZOLFY_La4Rqt1YIwkOCNjSs3CudlcviZ7UDuA=s1600-w400,"Lagos, LA 101232",6FR5F7GP+G5,Instagram:  https://www.Instagram.com/scheckmaster/ LinkedIn:  https://www.LinkedIn.com/company/34912092/  ,"Monday: [8:00 AM – 6:00 PM], Tuesday: [8:00 AM – 6:00 PM], Wednesday: [8:00 AM – 6:00 PM], Thursday: [8:00 AM – 6:00 PM], Friday: [9:00 AM – 5:30 PM], Saturday: [10:00 AM – 4:30 PM], Sunday: [Closed]",https://maps.google.com/?cid=12459862100808953144,6.476283499999999,3.2854969,https://search.google.com/local/reviews?placeid=ChIJZ1ngHA-JOxAROO0RxZBS6qw&q=Scheckmates+Services%2C+40%2F41+4th+Ave%2C+Festac+Town+101232%2C+Lagos%2C+Nigeria&authuser=0&hl=en&gl=US,4.2,6,https://scheckmates.org/projects,"roofing_contractor, point_of_interest, store, establishment",+234 813 441 3579
0812 892 6408,ChIJY2RrPkXlpSER3mUTC4H_kCE,,GOD’S FAVOUR ROOFING HUB,"No 50/52 Abeokuta Expressway, Cement Lagos NG, B/Stop, Union Rd, Dopemu 100283, Agege, Lagos, Nigeria","B/Stop, No 50/52 Abeokuta Expressway, Cement Lagos NG, Union Road, Agege",2418713929599641054,https://lh3.googleusercontent.com/places/ANJU3DtXqddiU5r6uyXAi847jOk5xMPHgWe65Bl5LWk3PsSBkeeQxgXmWhh19OtB4CMi0ah-SYOWH6f24qPgmzI4HZejd5EBcnaAuNI=s1600-w400,"Agege, LA 100283",6FR5J848+HM,Facebook:  https://www.facebook.com/brand/   Twitter:  https://www.Twitter.com/whatsapp/    Instagram:  https://www.Instagram.com/whatsapp/ YouTube_Channel:  https://www.youtube.com/channel/UCAuerig2N-RZWJT8x75V9yw/  ,"Monday: [Open 24 hours], Tuesday: [Open 24 hours], Wednesday: [Open 24 hours], Thursday: [Open 24 hours], Friday: [Open 24 hours], Saturday: [Open 24 hours], Sunday: [Open 24 hours]",https://maps.google.com/?cid=2418713929599641054,6.606401999999999,3.3166955,https://search.google.com/local/reviews?placeid=ChIJY2RrPkXlpSER3mUTC4H_kCE&q=GOD%E2%80%99S+FAVOUR+ROOFING+HUB%2C+No+50%2F52+Abeokuta+Expressway%2C+Cement+Lagos+NG%2C+B%2FStop%2C+Union+Rd%2C+Dopemu+100283%2C+Agege%2C+Lagos%2C+Nigeria&authuser=0&hl=en&gl=US,,,https://api.whatsapp.com/send?phone=2348128926408,"roofing_contractor, point_of_interest, establishment",+234 812 892 6408
,ChIJp69PQkSbOxAR_8yt2lkOmQE,,Roofing Service,"34, Unity Drive Street. Idimu Titun, Alimosho 100001, Lagos, Nigeria","34, Unity Drive Street. Idimu Titun, Lagos",115139044558359807,https://encrypted-tbn0.gstatic.com/images?q=tbn:ANd9GcSX1mtYL8f3jCPWwGO9yCiCJlbi8LikmuJMew,"Lagos, LA 100001",6FR5H6RV+C7,Not Available,Not Available,https://maps.google.com/?cid=115139044558359807,6.591107499999999,3.2432469,https://search.google.com/local/reviews?placeid=ChIJp69PQkSbOxAR_8yt2lkOmQE&q=Roofing+Service%2C+34%2C+Unity+Drive+Street.+Idimu+Titun%2C+Alimosho+100001%2C+Lagos%2C+Nigeria&authuser=0&hl=en&gl=US,,,,"roofing_contractor, point_of_interest, establishment",
,ChIJewsdy4WJOxARS5zoNrCzkS4,,Roofing service,"5 onyeogazilu str Ijegun Satellite Town 5 Oriade, Satellite Town 102262, Lagos, Nigeria","5 onyeogazilu str Ijegun Satellite Town 5 Oriade, Lagos",3355660766784560203,https://encrypted-tbn0.gstatic.com/images?q=tbn:ANd9GcSX1mtYL8f3jCPWwGO9yCiCJlbi8LikmuJMew,"Lagos, LA 102262",6FR5C7W8+VH,Not Available,Not Available,https://maps.google.com/?cid=3355660766784560203,6.4471795,3.2664876,https://search.google.com/local/reviews?placeid=ChIJewsdy4WJOxARS5zoNrCzkS4&q=Roofing+service%2C+5+onyeogazilu+str+Ijegun+Satellite+Town+5+Oriade%2C+Satellite+Town+102262%2C+Lagos%2C+Nigeria&authuser=0&hl=en&gl=US,,,,"roofing_contractor, point_of_interest, establishment",
0805 351 7680,ChIJbepcl0yTOxARLBI5DoV-FeM,,Adenat Roofing Construction Ltd,"Toll gate, 2 Adebiyi St, Toll-gate 105102, Lagos, Nigeria","Toll gate, 2 Adebiyi Street, Lagos",16363123931054936620,https://lh3.googleusercontent.com/places/ANJU3DtLpA6Se4z75VhfuKd0_a0vkR3XyIsyUPetKNY22aHvs42tcrK6kaZOdUBCQ6_vPEWWoVagDJ2sPLAIWxdD-bJDQcDhdNTF3dk=s1600-w400,"Lagos, LA 105102",6FR5J9JQ+96,,Not Available,https://maps.google.com/?cid=16363123931054936620,6.6309129,3.3880475,https://search.google.com/local/reviews?placeid=ChIJbepcl0yTOxARLBI5DoV-FeM&q=Adenat+Roofing+Construction+Ltd%2C+Toll+gate%2C+2+Adebiyi+St%2C+Toll-gate+105102%2C+Lagos%2C+Nigeria&authuser=0&hl=en&gl=US,5,1,https://adenat-roofing-construction-ltd.business.site/?utm_source=gmb&utm_medium=referral,"roofing_contractor, point_of_interest, establishment",+234 805 351 7680
(888) 219-7663,ChIJA2dmOJtEkFQRsBz_8lLnOUg,,Sound Roofing Systems,"823 SW 152nd St, Seattle, WA 98166, USA","823 Southwest 152nd Street, Seattle",5204445187853458608,https://lh3.googleusercontent.com/places/ANJU3Du6L-BFu1U6PnqY2dn-rk_6nVilTVTKZ-bLgb-mjg3XARk01qXZD_t3MJB0kM0YBVH67WMkK_AqX2m_hWR5AkURmotVc5LaJKQ=s1600-w400,"Seattle, WA 98166",84VVFM83+MQ,,"Monday: [8:00 AM – 4:00 PM], Tuesday: [8:00 AM – 4:00 PM], Wednesday: [8:00 AM – 4:00 PM], Thursday: [8:00 AM – 4:00 PM], Friday: [8:00 AM – 4:00 PM], Saturday: [Closed], Sunday: [Closed]",https://maps.google.com/?cid=5204445187853458608,47.4667022,-122.3455684,https://search.google.com/local/reviews?placeid=ChIJA2dmOJtEkFQRsBz_8lLnOUg&q=Sound+Roofing+Systems%2C+823+SW+152nd+St%2C+Seattle%2C+WA+98166%2C+USA&authuser=0&hl=en&gl=US,3.3,23,http://www.soundroofing.com/,"roofing_contractor, general_contractor, point_of_interest, establishment",+1 888-219-7663
0803 301 8217,ChIJQ2q1F6-TOxAR07LHKWgKHEE,,Catena Roofing Ltd.,"Anthony Village, 19b Bush St, Maryland 105102, Lagos, Nigeria","Anthony Village, 19b Bush Street, Lagos",4691636354307044051,https://lh3.googleusercontent.com/places/ANJU3DsJgXXh2eOATzqFwYhOONhIhqWhe_Ip04BEyioi7UGA_abg4SgE1VFQG8S3qJLXKTV0_QMGqNVfXIek3XnctemKN_t30ndBKn4=s1600-w400,"Lagos, LA 105102",6FR5H989+FM,,"Monday: [8:00 AM – 6:00 PM], Tuesday: [8:00 AM – 6:00 PM], Wednesday: [8:00 AM – 6:00 PM], Thursday: [8:00 AM – 6:00 PM], Friday: [8:00 AM – 6:00 PM], Saturday: [Closed], Sunday: [Closed]",https://maps.google.com/?cid=4691636354307044051,6.566153299999999,3.3691604,https://search.google.com/local/reviews?placeid=ChIJQ2q1F6-TOxAR07LHKWgKHEE&q=Catena+Roofing+Ltd.%2C+Anthony+Village%2C+19b+Bush+St%2C+Maryland+105102%2C+Lagos%2C+Nigeria&authuser=0&hl=en&gl=US,4.8,10,https://catenaroofingng.business.site/?utm_source=gmb&utm_medium=referral,"roofing_contractor, point_of_interest, establishment",+234 803 301 8217
(206) 367-7663,ChIJ07S-I9ATkFQRc1I9yt9u4mc,,Sharp Roofing,"10723 Exeter Ave NE, Seattle, WA 98125, USA","10723 Exeter Avenue Northeast, Seattle",7485667438092964467,https://lh3.googleusercontent.com/places/ANJU3DuqU4YYx0QIoJaR_YNkKZNF9HUYJ9oVZ8AN8C5rfO59xnohbOKv6jwr-6sfwpkT775XULzKLna31yEDeDV44nbcn9mncCuABqU=s1600-w400,"Seattle, WA 98125",84VVPP5C+8W,Facebook:  https://www.facebook.com/sharp.roofing/   ,"Monday: [8:00 AM – 6:00 PM], Tuesday: [8:00 AM – 6:00 PM], Wednesday: [8:00 AM – 6:00 PM], Thursday: [8:00 AM – 6:00 PM], Friday: [8:00 AM – 6:00 PM], Saturday: [8:00 AM – 6:00 PM], Sunday: [Closed]",https://maps.google.com/?cid=7485667438092964467,47.7082762,-122.2776895,https://search.google.com/local/reviews?placeid=ChIJ07S-I9ATkFQRc1I9yt9u4mc&q=Sharp+Roofing%2C+10723+Exeter+Ave+NE%2C+Seattle%2C+WA+98125%2C+USA&authuser=0&hl=en&gl=US,4.2,56,https://sharproofing.com/,"roofing_contractor, point_of_interest, establishment",+1 206-367-7663
(425) 287-1480,ChIJBfIbcHCnmlQRVPz958zrGXM,,Lifetime Flat Roofs,"11335 NE 122nd Way Suite 105, Kirkland, WA 98034, USA","11335 Northeast 122nd Way Suite 105, Kirkland",8293919454077516884,https://lh3.googleusercontent.com/places/ANJU3DsYkjBUDocnna0QQNKMTtrAoangTVnlK-fSaSMPWmN3Q98L10QDshnhyWUF6vIevK_N0_XhGObkWG6ZMO4iplgv4DHkaQ6z50U=s1600-w400,"Kirkland, WA 98034",84VVPR56+G6,,"Monday: [Open 24 hours], Tuesday: [Open 24 hours], Wednesday: [Open 24 hours], Thursday: [Open 24 hours], Friday: [Open 24 hours], Saturday: [Open 24 hours], Sunday: [Open 24 hours]",https://maps.google.com/?cid=8293919454077516884,47.7087506,-122.1893789,https://search.google.com/local/reviews?placeid=ChIJBfIbcHCnmlQRVPz958zrGXM&q=Lifetime+Flat+Roofs%2C+11335+NE+122nd+Way+Suite+105%2C+Kirkland%2C+WA+98034%2C+USA&authuser=0&hl=en&gl=US,4.4,31,https://www.lifetimeflatroofs.com/,"roofing_contractor, point_of_interest, establishment",+1 425-287-1480
0816 464 0005,ChIJ-f2rgrCXOxAR3OsG2shIwIQ,,Carpentry,"Suberu Oje Rd, Alagbado 102213, Lagos, Nigeria","Suberu Oje Road, Lagos",9565725636023479260,https://lh3.googleusercontent.com/places/ANJU3Dthbjn2h3W1Pbb_Q3cP622_o28daZYji5s4Fym4J-B64FZHBI-_hyMqLXBqCOMm7ZrQQQbqBmQyzUXYsDfiLhqYaRHU_uC3v7Q=s1600-w400,"Lagos, LA 102213",6FR5M789+H5,,"Monday: [8:00 AM – 6:00 PM], Tuesday: [8:00 AM – 6:00 PM], Wednesday: [8:00 AM – 6:00 PM], Thursday: [8:00 AM – 6:00 PM], Friday: [8:00 AM – 6:00 PM], Saturday: [8:00 AM – 6:00 PM], Sunday: [Closed]",https://maps.google.com/?cid=9565725636023479260,6.666451400000001,3.2679537,https://search.google.com/local/reviews?placeid=ChIJ-f2rgrCXOxAR3OsG2shIwIQ&q=Carpentry%2C+Suberu+Oje+Rd%2C+Alagbado+102213%2C+Lagos%2C+Nigeria&authuser=0&hl=en&gl=US,,,https://carpentry-roofing-contractor.business.site/?utm_source=gmb&utm_medium=referral,"roofing_contractor, point_of_interest, establishment",+234 816 464 0005
0813 955 4028,ChIJb1Er1B2HOxARkKeJOijyJLI,,Olumond Roofing,"Suite 138, Doyin Complex, L.G.A, Lagos - Badagry Expy, Ojo 102101, Lagos, Nigeria","L.G.A, Suite 138, Doyin Complex, Lagos - Badagry Expressway, Lagos",12836651092507469712,https://lh3.googleusercontent.com/places/ANJU3DvmphO3dXQl43OdwIi50Ed3lBpCf13cWBf5sSMcFfu75K0VVu_HbXTnysOwUzIjWhPzkRrNPVkdvVERCH45DbvF5oYAKSLsyvU=s1600-w400,"Lagos, LA 102101",6FR5F5FP+W2,,"Monday: [9:00 AM – 5:00 PM], Tuesday: [9:00 AM – 5:00 PM], Wednesday: [9:00 AM – 5:00 PM], Thursday: [9:00 AM – 5:00 PM], Friday: [9:00 AM – 5:00 PM], Saturday: [9:30 AM – 5:00 PM], Sunday: [Closed]",https://maps.google.com/?cid=12836651092507469712,6.4747638,3.1851132,https://search.google.com/local/reviews?placeid=ChIJb1Er1B2HOxARkKeJOijyJLI&q=Olumond+Roofing%2C+Suite+138%2C+Doyin+Complex%2C+L.G.A%2C+Lagos+-+Badagry+Expy%2C+Ojo+102101%2C+Lagos%2C+Nigeria&authuser=0&hl=en&gl=US,5,1,https://olumondroofing.com/,"roofing_contractor, point_of_interest, establishment",+234 813 955 4028
(206) 261-3683,ChIJK-9QkctckFQRaXN_Hx5A2BI,info@foreverroofing.net,Forever Roofing,"5023 S 144th St, Tukwila, WA 98168, USA","5023 South 144th Street, Tukwila",1357905785773847401,https://lh3.googleusercontent.com/places/ANJU3DuEJuuHkpITyJUGv1STP60TV398G4FO3Nxf6DkAX7OwZFl4xzuPfkjKEjRFmbUkdvNfSlBVZPb90oxKgOsaLheFB8fNs-eWmbA=s1600-w400,"Tukwila, WA 98168",84VVFPFH+HJ,Facebook:  https://www.facebook.com/FOREVERROOFINGSEATTLE/   ,"Monday: [8:00 AM – 6:00 PM], Tuesday: [8:00 AM – 6:00 PM], Wednesday: [8:00 AM – 6:00 PM], Thursday: [8:00 AM – 6:00 PM], Friday: [8:00 AM – 6:00 PM], Saturday: [8:00 AM – 5:00 PM], Sunday: [Closed]",https://maps.google.com/?cid=1357905785773847401,47.47389330000001,-122.2708868,https://search.google.com/local/reviews?placeid=ChIJK-9QkctckFQRaXN_Hx5A2BI&q=Forever+Roofing%2C+5023+S+144th+St%2C+Tukwila%2C+WA+98168%2C+USA&authuser=0&hl=en&gl=US,4.9,215,http://foreverroofing.net/,"roofing_contractor, point_of_interest, establishment",+1 206-261-3683
(425) 449-2878,ChIJTdvhtHQTkFQRYN2SbSPkYt8,contact@atraxroofandgutter.com,Atrax Roof & Gutter,"11335 NE 122nd Way Suite 105, Kirkland, WA 98034, USA","11335 Northeast 122nd Way Suite 105, Kirkland",16096678858988903776,https://lh3.googleusercontent.com/places/ANJU3DsK_IMwQqXzSSqI8rSojZxxLMDz78UnfFpg_vm0AB1LOK1xasHINV3To7sslHgMKFhb5FJmZKW0VjBAgY9Ri8J8t-9idNDsq5c=s1600-w400,"Kirkland, WA 98034",84VVPR56+G9,,"Monday: [Open 24 hours], Tuesday: [Open 24 hours], Wednesday: [Open 24 hours], Thursday: [Open 24 hours], Friday: [Open 24 hours], Saturday: [7:00 AM – 6:00 PM], Sunday: [Closed]",https://maps.google.com/?cid=16096678858988903776,47.7088167,-122.189014,https://search.google.com/local/reviews?placeid=ChIJTdvhtHQTkFQRYN2SbSPkYt8&q=Atrax+Roof+%26+Gutter%2C+11335+NE+122nd+Way+Suite+105%2C+Kirkland%2C+WA+98034%2C+USA&authuser=0&hl=en&gl=US,4.9,58,http://www.atraxroofandgutter.com/,"roofing_contractor, general_contractor, point_of_interest, establishment",+1 425-449-2878
(206) 542-6692,ChIJvzS14yQRkFQRpQdV6Ov9Ry4,dave@johnsonroof.com,Johnson Roofing & Gutters,"14309 Midvale Ave N, Seattle, WA 98133, USA","14309 Midvale Avenue North, Seattle",3334913238748170149,https://lh3.googleusercontent.com/places/ANJU3DtaG9s5z1iaHGv1aHJBtXGsdfUEqfdkPHApnO6YTRk6aCoQtjUgG3mS2IpNCkM5-NqVnzepmiExW9otedS8fMTzLoRqEiyOSEg=s1600-w400,"Seattle, WA 98133",84VVPMM4+36,,"Monday: [8:00 AM – 7:00 PM], Tuesday: [8:00 AM – 7:00 PM], Wednesday: [8:00 AM – 7:00 PM], Thursday: [8:00 AM – 7:00 PM], Friday: [8:00 AM – 7:00 PM], Saturday: [8:00 AM – 7:00 PM], Sunday: [Closed]",https://maps.google.com/?cid=3334913238748170149,47.7326975,-122.3444169,https://search.google.com/local/reviews?placeid=ChIJvzS14yQRkFQRpQdV6Ov9Ry4&q=Johnson+Roofing+%26+Gutters%2C+14309+Midvale+Ave+N%2C+Seattle%2C+WA+98133%2C+USA&authuser=0&hl=en&gl=US,4.6,9,http://www.johnsonroof.com,"roofing_contractor, point_of_interest, establishment",+1 206-542-6692
0808 531 0359,ChIJGZdgK4eNOxARTV9MRAf2BLA,,Imran Roofing & Properties,"101 Old Otta Rd, Orile Agege 100283, Lagos, Nigeria","101 Old Otta Road, Lagos",12683532961653219149,https://lh3.googleusercontent.com/places/ANJU3DtWeNIE8OVgJSwfnNsWU_UKl8MV7zX58lA13Af3C87PTSAVPEbiOcPZywYES0h9Gc79mHL5cdrDZR9GRTd8h6fXO6R64ZCUWYg=s1600-w400,"Lagos, LA 100283",6FR5J8M3+JC,,"Monday: [Open 24 hours], Tuesday: [Open 24 hours], Wednesday: [Open 24 hours], Thursday: [Open 24 hours], Friday: [Open 24 hours], Saturday: [Open 24 hours], Sunday: [Open 24 hours]",https://maps.google.com/?cid=12683532961653219149,6.6340355,3.3036046,https://search.google.com/local/reviews?placeid=ChIJGZdgK4eNOxARTV9MRAf2BLA&q=Imran+Roofing+%26+Properties%2C+101+Old+Otta+Rd%2C+Orile+Agege+100283%2C+Lagos%2C+Nigeria&authuser=0&hl=en&gl=US,4.9,537,https://imranroofing.com.ng/,"roofing_contractor, point_of_interest, establishment",+234 808 531 0359
0908 351 2995,ChIJee1bjXCROxARD9uIuK1gL9E,,MARSTAR ROOFING,"28, Lagos Abeokuta Express Road, Cement Bus Stop Ikeja, Idi Mangoro 102212, Lagos, Nigeria","28, Lagos Abeokuta Express Road, Cement Bus Stop Ikeja, Lagos",15073372777073924879,https://encrypted-tbn0.gstatic.com/images?q=tbn:ANd9GcSX1mtYL8f3jCPWwGO9yCiCJlbi8LikmuJMew,"Lagos, LA 102212",6FR5J85C+7W,,"Monday: [8:00 AM – 5:30 PM], Tuesday: [8:00 AM – 5:30 PM], Wednesday: [8:00 AM – 5:30 PM], Thursday: [8:00 AM – 5:30 PM], Friday: [8:00 AM – 5:30 AM], Saturday: [8:00 AM – 5:30 PM], Sunday: [Closed]",https://maps.google.com/?cid=15073372777073924879,6.6082487,3.322295599999999,https://search.google.com/local/reviews?placeid=ChIJee1bjXCROxARD9uIuK1gL9E&q=MARSTAR+ROOFING%2C+28%2C+Lagos+Abeokuta+Express+Road%2C+Cement+Bus+Stop+Ikeja%2C+Idi+Mangoro+102212%2C+Lagos%2C+Nigeria&authuser=0&hl=en&gl=US,,,https://marstar-roofing.business.site/?utm_source=gmb&utm_medium=referral,"roofing_contractor, point_of_interest, establishment",+234 908 351 2995
0817 488 4396,ChIJV6aoywOROxAR5xbGfl6U12A,,Quick Roofing Systems,"63 Old Otta Rd, Agege 115571, Lagos, Nigeria","63 Old Otta Road, Lagos",6978209281208620775,https://lh3.googleusercontent.com/places/ANJU3DtXypQfBZjVnqzaLIc0q-ZQUWD_FBp2JJp7Ts688ez3HshOznR_bBUZpjtAv27pTisvZ53QvEy3IaimdIdz_8LPIcEPFNOCfEg=s1600-w400,"Lagos, LA 115571",6FR5J8M4+2J,Not Available,"Monday: [7:00 AM – 10:00 PM], Tuesday: [9:00 AM – 10:00 PM], Wednesday: [9:00 AM – 10:00 PM], Thursday: [9:00 AM – 10:00 PM], Friday: [9:00 AM – 10:00 PM], Saturday: [9:00 AM – 8:00 PM], Sunday: [Closed]",https://maps.google.com/?cid=6978209281208620775,6.632536099999999,3.3065737,https://search.google.com/local/reviews?placeid=ChIJV6aoywOROxAR5xbGfl6U12A&q=Quick+Roofing+Systems%2C+63+Old+Otta+Rd%2C+Agege+115571%2C+Lagos%2C+Nigeria&authuser=0&hl=en&gl=US,4.5,4,,"roofing_contractor, point_of_interest, establishment",+234 817 488 4396
(425) 741-3744,ChIJPenVCGEVkFQRl8JwY0qWnuE,,Roofing Specialists Northwest,"1752 NW Market St Suite #4104, Seattle, WA 98107, USA","1752 Northwest Market Street Suite #4104, Seattle",16257596951094149783,https://lh3.googleusercontent.com/places/ANJU3DtzPn-LYQy3_hkhqe5AHZ2S4iy4eBCU6rU9-pXXcHCZjxZ7qOhdKXGqEEZDBGn3kew-S5jJvlSmXvej60Uv0lIsodIlTM798f8=s1600-w400,"Seattle, WA 98107",84VVMJ99+HG,,"Monday: [8:00 AM – 5:00 PM], Tuesday: [8:00 AM – 5:00 PM], Wednesday: [8:00 AM – 5:00 PM], Thursday: [8:00 AM – 5:00 PM], Friday: [8:00 AM – 5:00 PM], Saturday: [8:00 AM – 3:00 PM], Sunday: [Closed]",https://maps.google.com/?cid=16257596951094149783,47.66889699999999,-122.381141,https://search.google.com/local/reviews?placeid=ChIJPenVCGEVkFQRl8JwY0qWnuE&q=Roofing+Specialists+Northwest%2C+1752+NW+Market+St+Suite+%234104%2C+Seattle%2C+WA+98107%2C+USA&authuser=0&hl=en&gl=US,5,3,https://roofingspecialistsnw.com/,"roofing_contractor, general_contractor, point_of_interest, establishment",+1 425-741-3744
0812 723 9652,ChIJX6LGhA2FOxARMxhFgM4DV_M,,Ogbeche Roofings,"37 OLUGBON OLUSESE STR Ipaja, Ikotun 102213, Lagos, Nigeria","37 OLUGBON OLUSESE STR Ipaja, Lagos",17534487859640473651,https://encrypted-tbn0.gstatic.com/images?q=tbn:ANd9GcSX1mtYL8f3jCPWwGO9yCiCJlbi8LikmuJMew,"Lagos, LA 102213",6FR5H772+66,,Not Available,https://maps.google.com/?cid=17534487859640473651,6.5630684,3.2505651,https://search.google.com/local/reviews?placeid=ChIJX6LGhA2FOxARMxhFgM4DV_M&q=Ogbeche+Roofings%2C+37+OLUGBON+OLUSESE+STR+Ipaja%2C+Ikotun+102213%2C+Lagos%2C+Nigeria&authuser=0&hl=en&gl=US,,,https://ogbeche-roofings.business.site/?utm_source=gmb&utm_medium=referral,"roofing_contractor, point_of_interest, establishment",+234 812 723 9652
(206) 782-2819,ChIJsfxsAsoVkFQRcgUhOQ9v4Bo,,Christensen Roofing Co,"1113 NW 54th St, Seattle, WA 98107, USA","1113 Northwest 54th Street, Seattle",1936669950942971250,https://encrypted-tbn0.gstatic.com/images?q=tbn:ANd9GcSX1mtYL8f3jCPWwGO9yCiCJlbi8LikmuJMew,"Seattle, WA 98107",84VVMJ9H+3G,Not Available,Not Available,https://maps.google.com/?cid=1936669950942971250,47.66767369999999,-122.3712057,https://search.google.com/local/reviews?placeid=ChIJsfxsAsoVkFQRcgUhOQ9v4Bo&q=Christensen+Roofing+Co%2C+1113+NW+54th+St%2C+Seattle%2C+WA+98107%2C+USA&authuser=0&hl=en&gl=US,4,4,,"roofing_contractor, point_of_interest, establishment",+1 206-782-2819
(425) 344-8709,ChIJy1QJILEakFQROy_Gpn0vSWU,fenixroofwash@hotmail.com,Fenix Roof Service,"4411 Wallingford Ave N Suite D, Seattle, WA 98103, USA","4411 Wallingford Avenue North Suite D, Seattle",7298416887846022971,https://lh3.googleusercontent.com/places/ANJU3DvtWGNUYTwoyOi8YHJFzhSgDwYk7ZU-pMnUTHihzP6NkbVLa_cWI6LF9O_3Xu0VsJNuDAO_ZXidXQqu82H5cJAaBYDNsJvbgYA=s1600-w400,"Seattle, WA 98103",84VVMM67+7C,Facebook:  https://www.facebook.com/fenixroofservice/   Instagram:  https://www.Instagram.com/fenixroofwash/ ,"Monday: [9:00 AM – 5:00 PM], Tuesday: [9:00 AM – 5:00 PM], Wednesday: [9:00 AM – 5:00 PM], Thursday: [9:00 AM – 5:00 PM], Friday: [9:00 AM – 5:00 PM], Saturday: [9:00 AM – 1:00 PM], Sunday: [Closed]",https://maps.google.com/?cid=7298416887846022971,47.6606728,-122.3364065,https://search.google.com/local/reviews?placeid=ChIJy1QJILEakFQROy_Gpn0vSWU&q=Fenix+Roof+Service%2C+4411+Wallingford+Ave+N+Suite+D%2C+Seattle%2C+WA+98103%2C+USA&authuser=0&hl=en&gl=US,4.9,118,https://www.fenixroofservice.com/,"roofing_contractor, point_of_interest, establishment",+1 425-344-8709
(206) 973-6575,ChIJVVVVlbNqkFQRuczgsO7ofEY,diamond_const@yahoo.com,Diamond Roofing & Construction,"6421 Lake Washington Blvd NE #409, Kirkland, WA 98033, USA","6421 Lake Washington Boulevard Northeast #409, Kirkland",5079190591634459833,https://lh3.googleusercontent.com/places/ANJU3DsHtdQveG-NuoRXWWxRS2tWqmiMghijnKpl52VfNoQd3Lye2ytJNh1gEU4jA7-8xc2o1o5eeCBO2k3vNRWJBBxQHqVdrsVHhvc=s1600-w400,"Kirkland, WA 98033",84VVMQ7R+QW,Facebook:  https://www.facebook.com/diamondroofingconstruction/   ,"Monday: [7:00 AM – 6:00 PM], Tuesday: [7:00 AM – 6:00 PM], Wednesday: [7:00 AM – 6:00 PM], Thursday: [7:00 AM – 6:00 PM], Friday: [7:00 AM – 6:00 PM], Saturday: [7:00 AM – 6:00 PM], Sunday: [7:00 AM – 6:00 PM]",https://maps.google.com/?cid=5079190591634459833,47.6643921,-122.207744,https://search.google.com/local/reviews?placeid=ChIJVVVVlbNqkFQRuczgsO7ofEY&q=Diamond+Roofing+%26+Construction%2C+6421+Lake+Washington+Blvd+NE+%23409%2C+Kirkland%2C+WA+98033%2C+USA&authuser=0&hl=en&gl=US,5,68,http://www.diamondconstructionwa.com/,"roofing_contractor, point_of_interest, establishment",+1 206-973-6575
(206) 673-6057,ChIJYaPOhV6h7YIRfqnpGzbKjuQ,serice@maritime-roofing.com,Maritime Roofing and Construction,"10856 Des Moines Memorial Dr S, Seattle, WA 98168, USA","10856 Des Moines Memorial Drive South, Seattle",16469323221085825406,https://lh3.googleusercontent.com/places/ANJU3DvfxH6daKNj-J1R7eXd2tVH2gxZmPq9jHtsEDzH1lCVMo_H7iiamsqCOpfTuRGqc2Hv1ZS6zrNVK88a5pfJW2Jvyf9fncF6lWs=s1600-w400,"Seattle, WA 98168",84VVGM3W+XJ,,"Monday: [8:00 AM – 5:00 PM], Tuesday: [8:00 AM – 5:00 PM], Wednesday: [8:00 AM – 5:00 PM], Thursday: [8:00 AM – 5:00 PM], Friday: [8:00 AM – 5:00 PM], Saturday: [9:00 AM – 1:00 PM], Sunday: [Closed]",https://maps.google.com/?cid=16469323221085825406,47.5049472,-122.3034543,https://search.google.com/local/reviews?placeid=ChIJYaPOhV6h7YIRfqnpGzbKjuQ&q=Maritime+Roofing+and+Construction%2C+10856+Des+Moines+Memorial+Dr+S%2C+Seattle%2C+WA+98168%2C+USA&authuser=0&hl=en&gl=US,4.6,19,https://www.maritime-roofing.com/,"roofing_contractor, general_contractor, point_of_interest, store, establishment",+1 206-673-6057
(206) 312-7663,ChIJcxHNdDVbkFQRyPBcF2nVUWI,,Three Tree Roofing,"19032 66th Ave S Ste C-104, Kent, WA 98032, USA","19032 66th Avenue South Ste C-104, Kent",7084678336170750152,https://lh3.googleusercontent.com/places/ANJU3DsDPg4_Glo6l9zXQnz_kGSxz3Kk0L77qwrhEGnEAro1BwQV309srzmj08DvkmYBePrxxckYRvfdlWo1r7ztbmUp9pFNJRFNk00=s1600-w400,"Kent, WA 98032",84VVCPJX+CR,Facebook:  https://www.facebook.com/ThreeTreeRoofing/   Twitter:  https://www.Twitter.com/threetreeroof/    Instagram:  https://www.Instagram.com/Threetreeroofing/ LinkedIn:  https://www.LinkedIn.com/company/three-tree-roofing/  YouTube_Channel:  https://www.youtube.com/channel/UC5oY2ZyDrSBCO25F6szaf1w/  ,"Monday: [7:00 AM – 4:00 PM], Tuesday: [7:00 AM – 4:00 PM], Wednesday: [7:00 AM – 4:00 PM], Thursday: [7:00 AM – 4:00 PM], Friday: [7:00 AM – 4:00 PM], Saturday: [Closed], Sunday: [Closed]",https://maps.google.com/?cid=7084678336170750152,47.43104169999999,-122.2504376,https://search.google.com/local/reviews?placeid=ChIJcxHNdDVbkFQRyPBcF2nVUWI&q=Three+Tree+Roofing%2C+19032+66th+Ave+S+Ste+C-104%2C+Kent%2C+WA+98032%2C+USA&authuser=0&hl=en&gl=US,4.9,127,https://www.threetreeroofing.com/,"roofing_contractor, point_of_interest, establishment",+1 206-312-7663
0805 900 5022,ChIJ4yezmT2ROxARqAzaBVPn0Gc,,Best Roofing Materials Limited,"227 Mulero Iyana Ipaja, Lagos State, Nigeria Alimosho Lagos NG, Ipaja 100275, Iyana, Lagos, Nigeria","227 Mulero Iyana Ipaja, Lagos State, Nigeria Alimosho Lagos NG, Iyana",7480733324828871848,https://lh3.googleusercontent.com/places/ANJU3DujWMoV1g1o-OGNXBo4TIArRFYtK2F7RH8onOHKSgioDBRDQv_rQSfcC7_GYTJ_2GvGyQnxW-wFD_3mTGyeJrkLhkqd1SIpYQ0=s1600-w400,"Iyana, LA 100275",6FR5J76J+J4,Not Available,"Monday: [Open 24 hours], Tuesday: [Open 24 hours], Wednesday: [Open 24 hours], Thursday: [Open 24 hours], Friday: [Open 24 hours], Saturday: [Open 24 hours], Sunday: [Closed]",https://maps.google.com/?cid=7480733324828871848,6.611545899999999,3.280336399999999,https://search.google.com/local/reviews?placeid=ChIJ4yezmT2ROxARqAzaBVPn0Gc&q=Best+Roofing+Materials+Limited%2C+227+Mulero+Iyana+Ipaja%2C+Lagos+State%2C+Nigeria+Alimosho+Lagos+NG%2C+Ipaja+100275%2C+Iyana%2C+Lagos%2C+Nigeria&authuser=0&hl=en&gl=US,3.7,7,,"roofing_contractor, point_of_interest, establishment",+234 805 900 5022
0805 943 1517,ChIJnxG_6FOROxARV29iE8038Xg,,IDE ROOFING SYSTEM,"101 Old Otta Rd, Orile Agege 100283, Lagos, Nigeria","101 Old Otta Road, Lagos",8714808107871661911,https://lh3.googleusercontent.com/places/ANJU3Dv-SQ8_sn-vN4IxJ1RAeRaawXJt9cTxD48Fvwj1UTodD6DwKBfSR3ExvpSRGPQkGpSD6cAJJGCwMx-bBbTS2kaPKpPQoIETl90=s1600-w400,"Lagos, LA 100283",6FR5J8M3+JG,,"Monday: [8:00 AM – 7:30 PM], Tuesday: [8:00 AM – 7:30 PM], Wednesday: [8:00 AM – 7:30 PM], Thursday: [8:00 AM – 7:30 PM], Friday: [8:00 AM – 7:30 PM], Saturday: [8:00 AM – 7:30 PM], Sunday: [Closed]",https://maps.google.com/?cid=8714808107871661911,6.6340756,3.30375,https://search.google.com/local/reviews?placeid=ChIJnxG_6FOROxARV29iE8038Xg&q=IDE+ROOFING+SYSTEM%2C+101+Old+Otta+Rd%2C+Orile+Agege+100283%2C+Lagos%2C+Nigeria&authuser=0&hl=en&gl=US,5,110,https://www.ideroofingsystem.com/,"roofing_contractor, store, point_of_interest, establishment",+234 805 943 1517
0902 976 5066,ChIJJQ8u2fiTOxARvUXtla403uI,prince@princemorpheus.net,Berger Roofing,"75 Mobolaji Bank Anthony Way, Opebi 101233, Ikeja, Lagos, Nigeria","75 Mobolaji Bank Anthony Way, Ikeja",16347561621845788093,https://lh3.googleusercontent.com/places/ANJU3Dtqj84B0xJVp7BW2YnYjbIh7_BRch8Hs4VhEwD8_XzL08J6ydhsgNpka-zqfeCIM5tZaGrB5Pbx81qw-tPSH3iQaHLcsZS6znY=s1600-w400,"Ikeja, LA 101233",6FR5H8VV+PF,Facebook:  https://www.facebook.com/BergerRoofing/   Instagram:  https://www.Instagram.com/dream_theme_photo/ ,"Monday: [8:00 AM – 5:00 PM], Tuesday: [8:00 AM – 5:00 PM], Wednesday: [8:00 AM – 5:00 PM], Thursday: [8:00 AM – 5:00 PM], Friday: [8:00 AM – 5:00 PM], Saturday: [9:00 AM – 2:00 PM], Sunday: [Closed]",https://maps.google.com/?cid=16347561621845788093,6.594297,3.343675,https://search.google.com/local/reviews?placeid=ChIJJQ8u2fiTOxARvUXtla403uI&q=Berger+Roofing%2C+75+Mobolaji+Bank+Anthony+Way%2C+Opebi+101233%2C+Ikeja%2C+Lagos%2C+Nigeria&authuser=0&hl=en&gl=US,,,http://bergerroofs.com/,"roofing_contractor, point_of_interest, establishment",+234 902 976 5066
0810 208 5640,ChIJoSvQYxSROxARAb7Q0_3HzkM,,Ade & Son Roofing and Construction,"33 Ojekunle St, Agege 100284, Lagos, Nigeria","33 Ojekunle Street, Lagos",4886062538737892865,https://encrypted-tbn0.gstatic.com/images?q=tbn:ANd9GcSX1mtYL8f3jCPWwGO9yCiCJlbi8LikmuJMew,"Lagos, LA 100284",6FR5J8G8+G8,Not Available,Not Available,https://maps.google.com/?cid=4886062538737892865,6.6263642,3.3158009,https://search.google.com/local/reviews?placeid=ChIJoSvQYxSROxARAb7Q0_3HzkM&q=Ade+%26+Son+Roofing+and+Construction%2C+33+Ojekunle+St%2C+Agege+100284%2C+Lagos%2C+Nigeria&authuser=0&hl=en&gl=US,,,,"roofing_contractor, point_of_interest, establishment",+234 810 208 5640
,ChIJG2D23beNOxARswyHdxqH4Iw,,Roofing Service,"6 Fatomi Cres, Somolu 100242, Lagos, Nigeria","6 Fatomi Crescent, Lagos",10151262107837336755,https://encrypted-tbn0.gstatic.com/images?q=tbn:ANd9GcSX1mtYL8f3jCPWwGO9yCiCJlbi8LikmuJMew,"Lagos, LA 100242",6FR5G9JM+PG,Not Available,Not Available,https://maps.google.com/?cid=10151262107837336755,6.5318595,3.3837943,https://search.google.com/local/reviews?placeid=ChIJG2D23beNOxARswyHdxqH4Iw&q=Roofing+Service%2C+6+Fatomi+Cres%2C+Somolu+100242%2C+Lagos%2C+Nigeria&authuser=0&hl=en&gl=US,,,,"roofing_contractor, point_of_interest, establishment",
(206) 766-3464,ChIJk0Ygiv9dkFQRlknWVG2wh3w,,Valentine Roofing,"400 Industry Dr Suite 130, Tukwila, WA 98188, USA","400 Industry Drive Suite 130, Tukwila",8973334766180256150,https://lh3.googleusercontent.com/places/ANJU3DviEj60BLr795O83xv-_fYLbB0aDU5EAd30r6CK01MjCNGslaoKFqVzSVd-JfTBasEJUVyhlAYxsHbP-VpwZ5RDKrVZDMS1HeI=s1600-w400,"Tukwila, WA 98188",84VVFQ32+P6,Facebook:  https://www.facebook.com/valentineroofing/   Instagram:  https://www.Instagram.com/valentineroofing/ ,"Monday: [8:00 AM – 4:30 PM], Tuesday: [8:00 AM – 4:30 PM], Wednesday: [8:00 AM – 4:30 PM], Thursday: [8:00 AM – 4:30 PM], Friday: [8:00 AM – 4:00 PM], Saturday: [Closed], Sunday: [Closed]",https://maps.google.com/?cid=8973334766180256150,47.4542805,-122.2494952,https://search.google.com/local/reviews?placeid=ChIJk0Ygiv9dkFQRlknWVG2wh3w&q=Valentine+Roofing%2C+400+Industry+Dr+Suite+130%2C+Tukwila%2C+WA+98188%2C+USA&authuser=0&hl=en&gl=US,4.8,997,https://valentineroof.com/?=GBP,"roofing_contractor, general_contractor, point_of_interest, establishment",+1 206-766-3464
0818 474 2254,ChIJn_S2OAmROxAR9W1hPSF6krc,,Oludipe Roofings,"24 WALE ADEKOYA, AGBEDE OLOSURGBO, Ipaja, Ikotun 102213, Lagos, Nigeria","AGBEDE OLOSURGBO, 24 WALE ADEKOYA, Ipaja, Lagos",13227769338722872821,https://encrypted-tbn0.gstatic.com/images?q=tbn:ANd9GcSX1mtYL8f3jCPWwGO9yCiCJlbi8LikmuJMew,"Lagos, LA 102213",6FR5J7J9+GX,,Not Available,https://maps.google.com/?cid=13227769338722872821,6.6313551,3.269899300000001,https://search.google.com/local/reviews?placeid=ChIJn_S2OAmROxAR9W1hPSF6krc&q=Oludipe+Roofings%2C+24+WALE+ADEKOYA%2C+AGBEDE+OLOSURGBO%2C+Ipaja%2C+Ikotun+102213%2C+Lagos%2C+Nigeria&authuser=0&hl=en&gl=US,,,https://oludipe-roofings.business.site/?utm_source=gmb&utm_medium=referral,"roofing_contractor, point_of_interest, establishment",+234 818 474 2254
(206) 561-9311,ChIJZ-bcZaBtkFQR8sDw0QpmyD4,,Near Me Roofing Company - Seattle,"989 112th Ave NE #1708, Bellevue, WA 98004, USA","989 112th Avenue Northeast #1708, Bellevue",4523978022351585522,https://lh3.googleusercontent.com/places/ANJU3DuWB6xM-LpklerhK25ci8b9459xjzSPkYzWpGPP05YQrz2zufrFuVKZA7ChjR4S3CnDFsjzCqQXf67JaE82667A5cEbEj8oaHQ=s1600-w400,"Bellevue, WA 98004",84VVJR95+JF,,"Monday: [8:00 AM – 8:00 PM], Tuesday: [8:00 AM – 8:00 PM], Wednesday: [8:00 AM – 8:00 PM], Thursday: [8:00 AM – 8:00 PM], Friday: [8:00 AM – 8:00 PM], Saturday: [Closed], Sunday: [8:00 AM – 8:00 PM]",https://maps.google.com/?cid=4523978022351585522,47.619106,-122.1913479,https://search.google.com/local/reviews?placeid=ChIJZ-bcZaBtkFQR8sDw0QpmyD4&q=Near+Me+Roofing+Company+-+Seattle%2C+989+112th+Ave+NE+%231708%2C+Bellevue%2C+WA+98004%2C+USA&authuser=0&hl=en&gl=US,4.8,34,http://www.nearmeroofingcompany.com/,"roofing_contractor, point_of_interest, establishment",+1 206-561-9311
(206) 483-0932,ChIJ85Zozb5rkFQRJlIqoEySjpM,,Seattle Roof Cleaning,"1103 5th Ave, Seattle, WA 98101, USA","1103 5th Avenue, Seattle",10632596628070617638,https://encrypted-tbn0.gstatic.com/images?q=tbn:ANd9GcSX1mtYL8f3jCPWwGO9yCiCJlbi8LikmuJMew,"Seattle, WA 98101",84VVJM49+W2,,"Monday: [6:00 AM – 11:30 PM], Tuesday: [6:00 AM – 11:30 PM], Wednesday: [6:00 AM – 11:30 PM], Thursday: [6:00 AM – 11:30 PM], Friday: [6:00 AM – 11:30 PM], Saturday: [6:00 AM – 11:30 PM], Sunday: [6:00 AM – 11:30 PM]",https://maps.google.com/?cid=10632596628070617638,47.60729860000001,-122.332484,https://search.google.com/local/reviews?placeid=ChIJ85Zozb5rkFQRJlIqoEySjpM&q=Seattle+Roof+Cleaning%2C+1103+5th+Ave%2C+Seattle%2C+WA+98101%2C+USA&authuser=0&hl=en&gl=US,4.8,22,https://seattle-roof-cleaning.business.site/,"roofing_contractor, point_of_interest, establishment",+1 206-483-0932
(206) 651-5617,ChIJg0V376EVkFQR5ikqVm4-V-c,,Rainier Roofing Company,"2104 S Plum St, Seattle, WA 98144, USA","2104 South Plum Street, Seattle",16669861189348108774,https://lh3.googleusercontent.com/places/ANJU3Dsz2mITroVOsqal-fBw0C3dUMHmr-tKcKp9ZenbFcXpdyubt8PV7_ktLktEyztn-D9w0OwXr234VesQ_y0OeuiI8jqyCFZuS7M=s1600-w400,"Seattle, WA 98144",84VVHMPV+7W,,"Monday: [7:00 AM – 7:00 PM], Tuesday: [7:00 AM – 7:00 PM], Wednesday: [7:00 AM – 7:00 PM], Thursday: [7:00 AM – 7:00 PM], Friday: [7:00 AM – 7:00 PM], Saturday: [Closed], Sunday: [Closed]",https://maps.google.com/?cid=16669861189348108774,47.5856551,-122.3052215,https://search.google.com/local/reviews?placeid=ChIJg0V376EVkFQR5ikqVm4-V-c&q=Rainier+Roofing+Company%2C+2104+S+Plum+St%2C+Seattle%2C+WA+98144%2C+USA&authuser=0&hl=en&gl=US,4.8,100,https://www.rainierroofingcompany.com/,"roofing_contractor, point_of_interest, establishment",+1 206-651-5617
(206) 604-8098,ChIJ____P7RqkFQRUd3DU3c-zn8,absolutequalityrr@gmail.com,Absolute Quality Roof Restoration,"44th Pl NE, Seattle, WA 98115, USA","44th Place Northeast, Seattle",9209366970246618449,https://lh3.googleusercontent.com/places/ANJU3DtR-qJJkK-EOBDjP0ipuy8dXIUO2rGyM0vtALbDqKfapU92V_K4TWVOvSK4ptp1owNWdlBTveTQ5NEaFMrYqLzp4FLikj7k8sQ=s1600-w400,"Seattle, WA 98115",84VVMM55+X7,,"Monday: [9:00 AM – 6:00 PM], Tuesday: [9:00 AM – 6:00 PM], Wednesday: [9:00 AM – 6:00 PM], Thursday: [9:00 AM – 6:00 PM], Friday: [9:00 AM – 6:00 PM], Saturday: [Closed], Sunday: [Closed]",https://maps.google.com/?cid=9209366970246618449,47.6599668,-122.3417647,https://search.google.com/local/reviews?placeid=ChIJ____P7RqkFQRUd3DU3c-zn8&q=Absolute+Quality+Roof+Restoration%2C+44th+Pl+NE%2C+Seattle%2C+WA+98115%2C+USA&authuser=0&hl=en&gl=US,5,44,http://www.absolutequalityroof.com/,"roofing_contractor, point_of_interest, establishment",+1 206-604-8098
(877) 926-9966,ChIJuRHQk2RqkFQRvLSgafU_cvY,askus@yourguardianroof.com,Guardian Roofing,"3211 Martin Luther King Jr Way S, Seattle, WA 98144, USA","3211 Martin Luther King Junior Way South, Seattle",17758326603946964156,https://lh3.googleusercontent.com/places/ANJU3DteZEeqhLl-arhEo2evt8lYd_D4VYbc5lTsm6xIymwz0fBzNqYWdb2XXR486AkAvL7XrUKZ3HLdhDR016DXq9iJYt5Yq3k5dKg=s1600-w400,"Seattle, WA 98144",84VVHPF3+R4,Facebook:  https://www.facebook.com/guardianroofingwa/   Twitter:  https://www.Twitter.com/Guardian_WA/    Instagram:  https://www.Instagram.com/guardian_wa/ YouTube_Channel:  https://www.youtube.com/channel/UCZZzA3xGvHZY4YtRSaoZ0xw/  ,"Monday: [7:00 AM – 7:00 PM], Tuesday: [7:00 AM – 7:00 PM], Wednesday: [7:00 AM – 7:00 PM], Thursday: [7:00 AM – 7:00 PM], Friday: [7:00 AM – 7:00 PM], Saturday: [7:00 AM – 7:00 PM], Sunday: [Closed]",https://maps.google.com/?cid=17758326603946964156,47.5745738,-122.2972426,https://search.google.com/local/reviews?placeid=ChIJuRHQk2RqkFQRvLSgafU_cvY&q=Guardian+Roofing%2C+3211+Martin+Luther+King+Jr+Way+S%2C+Seattle%2C+WA+98144%2C+USA&authuser=0&hl=en&gl=US,5,17,https://www.guardianhome.com/,"roofing_contractor, general_contractor, point_of_interest, establishment",+1 877-926-9966
0807 409 8577,ChIJocKnlp2ROxARgHP3noyCy70,,Kovarite Roofing LTD Stone Coated Tiles Warehouse,"15/16 Sule Street, By Mangoro Bus Stop, Agege 102212, Lagos, Nigeria","15/16 Sule Street, By Mangoro Bus Stop, Lagos",13676168233914692480,https://lh3.googleusercontent.com/places/ANJU3DsG_MKErk19ELc-Rs34VxR_FmxKfMardyxXFik53l_Dl6mBvnSce8vsf43gARPPPIzOctZskd2kAK5cfOyybh8NbF3NJe3bgkY=s1600-w400,"Lagos, LA 102212",6FR5J85H+J8,,"Monday: [9:00 AM – 5:00 PM], Tuesday: [9:00 AM – 5:00 PM], Wednesday: [9:00 AM – 5:00 PM], Thursday: [9:00 AM – 5:00 PM], Friday: [9:00 AM – 5:00 PM], Saturday: [9:00 AM – 5:00 PM], Sunday: [Closed]",https://maps.google.com/?cid=13676168233914692480,6.609111700000001,3.3283436,https://search.google.com/local/reviews?placeid=ChIJocKnlp2ROxARgHP3noyCy70&q=Kovarite+Roofing+LTD+Stone+Coated+Tiles+Warehouse%2C+15%2F16+Sule+Street%2C+By+Mangoro+Bus+Stop%2C+Agege+102212%2C+Lagos%2C+Nigeria&authuser=0&hl=en&gl=US,4.8,39,http://www.kovarite.com/,"roofing_contractor, point_of_interest, store, establishment",+234 807 409 8577
0803 507 3909,ChIJ_aPKc6-NOxARN8x_g2Bp5Cs,,"GOFKAZ DANPALON ROOFERS: SPECIALIZED ON DANPALON POLY-CARBONATE ROOFING SHADE, CARPORT SHADE, SUSPENDED CEILING, ALUCOBOUND.","Block 14 Adeyemi St, oshodi 102214, Lagos, Nigeria","Block 14 Adeyemi Street, Lagos",3162768701564898359,https://lh3.googleusercontent.com/places/ANJU3DsLPfL5LY9QF_SyAlMEpub-u2MgfNut8u6-YtyXjC-ksM7iXHDFueRwaW9LDgmwOYebASsKtyiFPyvInWt4-a9GD5PGgeJz47w=s1600-w400,"Lagos, LA 102214",6FR5H86R+C5,Facebook:  https://www.facebook.com/brand/   Twitter:  https://www.Twitter.com/whatsapp/    Instagram:  https://www.Instagram.com/whatsapp/ YouTube_Channel:  https://www.youtube.com/channel/UCAuerig2N-RZWJT8x75V9yw/  ,"Monday: [Open 24 hours], Tuesday: [Open 24 hours], Wednesday: [Open 24 hours], Thursday: [Open 24 hours], Friday: [Open 24 hours], Saturday: [Open 24 hours], Sunday: [Open 24 hours]",https://maps.google.com/?cid=3162768701564898359,6.561060599999999,3.3404077,https://search.google.com/local/reviews?placeid=ChIJ_aPKc6-NOxARN8x_g2Bp5Cs&q=GOFKAZ+DANPALON+ROOFERS%3A+SPECIALIZED+ON+DANPALON+POLY-CARBONATE+ROOFING+SHADE%2C+CARPORT+SHADE%2C+SUSPENDED+CEILING%2C+ALUCOBOUND.%2C+Block+14+Adeyemi+St%2C+oshodi+102214%2C+Lagos%2C+Nigeria&authuser=0&hl=en&gl=US,5,1,https://wa.me/message/EMMFJKLCGQFIF1,"roofing_contractor, store, point_of_interest, establishment",+234 803 507 3909
0706 688 9714,ChIJ0ai0qw75OxARyXYhqlDc-9g,,Valcore Roofy Homes,"Lekki - Epe Expy, Aja 106104, Lagos, Nigeria","Lekki - Epe Expressway, Lagos",15635332770356623049,https://lh3.googleusercontent.com/places/ANJU3DujT0B860O1ufAOHXH6dkD0__BlTKN1f3bIF_0Ct81_6ymfFz9S4rusQB1WC7Tl6aW-45-FHE-3W-kWdC3an_LF7X31nYIz6so=s1600-w400,"Lagos, LA 106104",6FR5FH87+G3,Not Available,"Monday: [8:00 AM – 5:00 PM], Tuesday: [8:00 AM – 5:00 PM], Wednesday: [8:00 AM – 5:00 PM], Thursday: [8:00 AM – 5:00 PM], Friday: [8:00 AM – 5:00 PM], Saturday: [8:00 AM – 5:00 PM], Sunday: [Closed]",https://maps.google.com/?cid=15635332770356623049,6.4662882,3.5627027,https://search.google.com/local/reviews?placeid=ChIJ0ai0qw75OxARyXYhqlDc-9g&q=Valcore+Roofy+Homes%2C+Lekki+-+Epe+Expy%2C+Aja+106104%2C+Lagos%2C+Nigeria&authuser=0&hl=en&gl=US,4.3,3,,"roofing_contractor, point_of_interest, establishment",+234 706 688 9714
0816 828 6632,ChIJmfTl7XGROxARpUu0m8hX34k,,Authentic Roofing Company,"1 Ogunsolu Street, Abeokuta Express Way, Cement Bus-Stop, Ikeja, Lagos Ikeja, Idi Mangoro 100001, Lagos, Nigeria","1 Ogunsolu Street, Abeokuta Express Way, Cement Bus-Stop, Ikeja, Lagos Ikeja, Lagos",9934755822119963557,https://lh3.googleusercontent.com/places/ANJU3DuCrie-3NMsZuVv1XoK9y_vdBlNj_o_1RecsqZbJYjVdNqxbBbpZqL_dTcMAhIkMWCl_p8kztD--pDW1kBeIxMGuhHIA6PvOB8=s1600-w400,"Lagos, LA 100001",6FR5J849+C6,Facebook:  https://www.facebook.com/tr/   Twitter:  https://www.Twitter.com/authenticrooft1/    Instagram:  https://www.Instagram.com/authenticrooftiles/ ,"Monday: [8:00 AM – 6:00 AM], Tuesday: [8:00 AM – 6:00 AM], Wednesday: [8:00 AM – 6:00 AM], Thursday: [8:00 AM – 6:00 AM], Friday: [8:00 AM – 6:00 AM], Saturday: [8:00 AM – 6:00 AM], Sunday: [Closed]",https://maps.google.com/?cid=9934755822119963557,6.606031399999999,3.318047,https://search.google.com/local/reviews?placeid=ChIJmfTl7XGROxARpUu0m8hX34k&q=Authentic+Roofing+Company%2C+1+Ogunsolu+Street%2C+Abeokuta+Express+Way%2C+Cement+Bus-Stop%2C+Ikeja%2C+Lagos+Ikeja%2C+Idi+Mangoro+100001%2C+Lagos%2C+Nigeria&authuser=0&hl=en&gl=US,4.3,34,http://www.authenticrooftile.com/,"roofing_contractor, point_of_interest, store, establishment",+234 816 828 6632
0802 358 0150,ChIJm9OCVraNOxARx_zAvZiVm7k,,Crown Tech Roofing Tiles,"Isolo Rd, Igando 102215, Lagos, Nigeria","Isolo Road, Lagos",13374448001657928903,https://encrypted-tbn0.gstatic.com/images?q=tbn:ANd9GcSX1mtYL8f3jCPWwGO9yCiCJlbi8LikmuJMew,"Lagos, LA 102215",6FR5G8JV+5H,,Not Available,https://maps.google.com/?cid=13374448001657928903,6.5303847,3.3439541,https://search.google.com/local/reviews?placeid=ChIJm9OCVraNOxARx_zAvZiVm7k&q=Crown+Tech+Roofing+Tiles%2C+Isolo+Rd%2C+Igando+102215%2C+Lagos%2C+Nigeria&authuser=0&hl=en&gl=US,,,https://crown-tech-roofing-tiles.business.site/?utm_source=gmb&utm_medium=referral,"roofing_contractor, point_of_interest, establishment",+234 802 358 0150
0908 204 9172,ChIJFdbnNAybOxARJzxBnTR77bA,,Kareem Roofings,"3 Dele Oguntebi St, Ipaja 102213, Lagos, Nigeria","3 Dele Oguntebi Street, Lagos",12748981586062556199,https://encrypted-tbn0.gstatic.com/images?q=tbn:ANd9GcSX1mtYL8f3jCPWwGO9yCiCJlbi8LikmuJMew,"Lagos, LA 102213",6FR5J7Q3+C7,,Not Available,https://maps.google.com/?cid=12748981586062556199,6.638506799999999,3.2532395,https://search.google.com/local/reviews?placeid=ChIJFdbnNAybOxARJzxBnTR77bA&q=Kareem+Roofings%2C+3+Dele+Oguntebi+St%2C+Ipaja+102213%2C+Lagos%2C+Nigeria&authuser=0&hl=en&gl=US,,,https://kareem-roofings.business.site/?utm_source=gmb&utm_medium=referral,"roofing_contractor, point_of_interest, establishment",+234 908 204 9172
(206) 246-7663,ChIJGwca2mZDkFQRpLh0AqnA4UE,info@teklineroofing.com,Tekline Roofing,"635 Industry Dr, Seattle, WA 98188, USA","635 Industry Drive, Seattle",4747287314348423332,https://lh3.googleusercontent.com/places/ANJU3Ds5kZtyem6ZcKfxxeebmjUghRUcYBm0YtSxJlb2eeYeHzUdy4JzqBAqnI0dXGQB2v_nRd18v8wvWtFB8SdiW5IinVRTC9MZ4fo=s1600-w400,"Seattle, WA 98188",84VVFQ32+2P,Facebook:  https://www.facebook.com/teklineroofingseattle/   ,"Monday: [7:00 AM – 4:00 PM], Tuesday: [7:00 AM – 4:00 PM], Wednesday: [7:00 AM – 4:00 PM], Thursday: [7:00 AM – 4:00 PM], Friday: [7:00 AM – 4:00 PM], Saturday: [Closed], Sunday: [Closed]",https://maps.google.com/?cid=4747287314348423332,47.452589,-122.248138,https://search.google.com/local/reviews?placeid=ChIJGwca2mZDkFQRpLh0AqnA4UE&q=Tekline+Roofing%2C+635+Industry+Dr%2C+Seattle%2C+WA+98188%2C+USA&authuser=0&hl=en&gl=US,4.8,259,http://teklineroofing.com/,"roofing_contractor, point_of_interest, establishment",+1 206-246-7663
(206) 202-7779,ChIJWylJCIlBkFQRSCUKUXm9xRk,,Vasa Roofing West Seattle,"4025 Delridge Way SW #1, Seattle, WA 98106, USA","4025 Delridge Way Southwest #1, Seattle",1857098750108509512,https://lh3.googleusercontent.com/places/ANJU3DtE-N6qqv0Y2YTM4bQTbVLp7-NDsvLsiztmsOAIw9QFT2tZRK1AdIH0dN7mxkicdQim1vwT2VIL93IvTMXpCYvBCCgh_3xhP5A=s1600-w400,"Seattle, WA 98106",84VVHJ9P+49,Not Available,"Monday: [7:00 AM – 8:00 PM], Tuesday: [7:00 AM – 8:00 PM], Wednesday: [7:00 AM – 8:00 PM], Thursday: [7:00 AM – 8:00 PM], Friday: [7:00 AM – 8:00 PM], Saturday: [7:00 AM – 8:00 PM], Sunday: [7:00 AM – 8:00 PM]",https://maps.google.com/?cid=1857098750108509512,47.5678032,-122.3640598,https://search.google.com/local/reviews?placeid=ChIJWylJCIlBkFQRSCUKUXm9xRk&q=Vasa+Roofing+West+Seattle%2C+4025+Delridge+Way+SW+%231%2C+Seattle%2C+WA+98106%2C+USA&authuser=0&hl=en&gl=US,5,6,,"roofing_contractor, point_of_interest, establishment",+1 206-202-7779
0913 105 6644,ChIJ4U10XlCJOxAR54txcvFQJWU,,Kovarite Roofing LTD Stone Coated Roofing Tiles,"No 1, Coker Market Street, By Odiche Road, Coker Village Shekoni St, Coker 101241, Lagos, Nigeria","No 1, Coker Market Street, By Odiche Road, Coker Village Shekoni Street, Lagos",7288320569906400231,https://lh3.googleusercontent.com/places/ANJU3DviUm0kLSTgekFSbvogYcaYshCl49Z_dSvzVuz58VFr8cj5QbsN-Ne3lfxIO4AzStcCc0kHg__WBkgLfve9bHPs00xccUA2DqM=s1600-w400,"Lagos, LA 101241",6FR5F8FJ+5G,,"Monday: [9:00 AM – 6:00 PM], Tuesday: [9:00 AM – 6:00 PM], Wednesday: [9:00 AM – 6:00 PM], Thursday: [9:00 AM – 6:00 PM], Friday: [9:00 AM – 6:00 PM], Saturday: [10:00 AM – 2:00 PM], Sunday: [Closed]",https://maps.google.com/?cid=7288320569906400231,6.472912,3.331324,https://search.google.com/local/reviews?placeid=ChIJ4U10XlCJOxAR54txcvFQJWU&q=Kovarite+Roofing+LTD+Stone+Coated+Roofing+Tiles%2C+No+1%2C+Coker+Market+Street%2C+By+Odiche+Road%2C+Coker+Village+Shekoni+St%2C+Coker+101241%2C+Lagos%2C+Nigeria&authuser=0&hl=en&gl=US,4.1,69,http://www.kovarite.com/,"roofing_contractor, point_of_interest, store, establishment",+234 913 105 6644
087 858 123,ChIJVVVVVVWMOxARbBNDsObwANY,,ODETECH ROOFING LTD,"GROUND FLOOR, SHOP NO, G42, G57 DOYIN PLAZA, DOYIN BUS-STOP, ORI-ILE, Abule ijesha 101245, Lagos, Nigeria","GROUND FLOOR, SHOP NO, G42, G57 DOYIN PLAZA, DOYIN BUS-STOP, ORI-ILE, Lagos",15420589997706908524,https://encrypted-tbn0.gstatic.com/images?q=tbn:ANd9GcSX1mtYL8f3jCPWwGO9yCiCJlbi8LikmuJMew,"Lagos, LA 101245",,Not Available,Not Available,https://maps.google.com/?cid=15420589997706908524,6.5243793,3.3792057,https://search.google.com/local/reviews?placeid=ChIJVVVVVVWMOxARbBNDsObwANY&q=ODETECH+ROOFING+LTD%2C+GROUND+FLOOR%2C+SHOP+NO%2C+G42%2C+G57+DOYIN+PLAZA%2C+DOYIN+BUS-STOP%2C+ORI-ILE%2C+Abule+ijesha+101245%2C+Lagos%2C+Nigeria&authuser=0&hl=en&gl=US,5,1,,"roofing_contractor, point_of_interest, establishment",+234 87 858 123
(360) 794-7164,ChIJc5WDrbAVkFQR9-n1zWqLVbY,,State Roofing,"500 Mercer St #206, Seattle, WA 98109, USA","500 Mercer Street #206, Seattle",13138560778761529847,https://lh3.googleusercontent.com/places/ANJU3Dud71FkxOvvejOVgieIa3p3otcO8pLDiXHqvwoXkuk59PkFL0NOgau5ShmXvQVIFqnWcf1MsYEDzlPdM9ufwnWz4WiTDR6JuUE=s1600-w400,"Seattle, WA 98109",84VVJMG3+25,Facebook:  https://www.facebook.com/pg/   Twitter:  https://www.Twitter.com/stateroofing/    Instagram:  https://www.Instagram.com/stateroofingwa/ YouTube_Channel:  https://www.youtube.com/channel/UCswsyOID_km1XsG2hMEF_mQ/  ,"Monday: [7:30 AM – 6:30 PM], Tuesday: [7:30 AM – 6:30 PM], Wednesday: [7:30 AM – 6:30 PM], Thursday: [7:30 AM – 6:30 PM], Friday: [7:30 AM – 5:00 PM], Saturday: [9:30 AM – 2:30 PM], Sunday: [Closed]",https://maps.google.com/?cid=13138560778761529847,47.6250218,-122.347093,https://search.google.com/local/reviews?placeid=ChIJc5WDrbAVkFQR9-n1zWqLVbY&q=State+Roofing%2C+500+Mercer+St+%23206%2C+Seattle%2C+WA+98109%2C+USA&authuser=0&hl=en&gl=US,4.8,30,http://www.stateroofing.com/?utm_source=yext&utm_medium=directory&utm_campaign=website-link,"roofing_contractor, general_contractor, point_of_interest, establishment",+1 360-794-7164
(425) 495-0326,ChIJmacFPLBqkFQRN9slNW0MJ_g,,"NSC Builders, LLC","815 1st Ave #253, Seattle, WA 98104, USA","815 1st Avenue #253, Seattle",17881274508680485687,https://lh3.googleusercontent.com/places/ANJU3DteASpWTIp-Kd6xeUnKNkyUeOleKZFmGw1YGi6TfNgsdJZqfHf_QPKvMERP4Fa2ANpDOuJo74Vwy_BXHyhCgIRPzTMPXNhtzRQ=s1600-w400,"Seattle, WA 98104",84VVJM37+FH,,"Monday: [9:00 AM – 5:00 PM], Tuesday: [9:00 AM – 5:00 PM], Wednesday: [9:00 AM – 5:00 PM], Thursday: [9:00 AM – 5:00 PM], Friday: [9:00 AM – 5:00 PM], Saturday: [Closed], Sunday: [Closed]",https://maps.google.com/?cid=17881274508680485687,47.6037048,-122.3360765,https://search.google.com/local/reviews?placeid=ChIJmacFPLBqkFQRN9slNW0MJ_g&q=NSC+Builders%2C+LLC%2C+815+1st+Ave+%23253%2C+Seattle%2C+WA+98104%2C+USA&authuser=0&hl=en&gl=US,5,20,https://nscbuilders.com/,"roofing_contractor, general_contractor, point_of_interest, establishment",+1 425-495-0326
0808 440 8542,ChIJ83-e7daROxARfruR2GtS6us,,Real Construction Shelters & Roofings,"55, Abeokuta Express Way, Opposite Saw-mill, Along Cement B/Stop Ikeja, Idi, Mangoro 100001, Lagos, Nigeria","Idi, 55, Abeokuta Express Way, Opposite Saw-mill, Along Cement B/Stop Ikeja, Lagos",16999490366611766142,https://lh3.googleusercontent.com/places/ANJU3DsQGkzLVFp3y2gkGarNyy6MXiYZPJdAINQSkUn1JQUzCkZHolzDfjcvGlhhtnlT9_Jfwpp2Ly97MofBf9giNWMBczckKdNbDho=s1600-w400,"Lagos, LA 100001",6FR5J847+3V,,"Monday: [8:00 AM – 6:00 PM], Tuesday: [8:00 AM – 6:00 PM], Wednesday: [8:00 AM – 6:00 PM], Thursday: [8:00 AM – 6:00 PM], Friday: [8:00 AM – 6:00 PM], Saturday: [8:00 AM – 6:00 PM], Sunday: [Open 24 hours]",https://maps.google.com/?cid=16999490366611766142,6.6051649,3.3146582,https://search.google.com/local/reviews?placeid=ChIJ83-e7daROxARfruR2GtS6us&q=Real+Construction+Shelters+%26+Roofings%2C+55%2C+Abeokuta+Express+Way%2C+Opposite+Saw-mill%2C+Along+Cement+B%2FStop+Ikeja%2C+Idi%2C+Mangoro+100001%2C+Lagos%2C+Nigeria&authuser=0&hl=en&gl=US,5,4,https://real-construction-shelters.business.site/?utm_source=gmb&utm_medium=referral,"roofing_contractor, storage, general_contractor, store, point_of_interest, establishment",+234 808 440 8542
(206) 498-0691,ChIJa02yh8cRkFQRVPS0PZB4Jqg,info@gardner-roofing.com,Robert Gardner Roofing,"2138 N 135th St, Seattle, WA 98133, USA","2138 North 135th Street, Seattle",12116504408392791124,https://encrypted-tbn0.gstatic.com/images?q=tbn:ANd9GcSX1mtYL8f3jCPWwGO9yCiCJlbi8LikmuJMew,"Seattle, WA 98133",84VVPMG8+RV,Facebook:  https://www.facebook.com/10218668591879777/   ,"Monday: [8:00 AM – 6:00 PM], Tuesday: [8:00 AM – 6:00 PM], Wednesday: [8:00 AM – 6:00 PM], Thursday: [8:00 AM – 6:00 PM], Friday: [8:00 AM – 6:00 PM], Saturday: [Closed], Sunday: [Closed]",https://maps.google.com/?cid=12116504408392791124,47.7270584,-122.3327553,https://search.google.com/local/reviews?placeid=ChIJa02yh8cRkFQRVPS0PZB4Jqg&q=Robert+Gardner+Roofing%2C+2138+N+135th+St%2C+Seattle%2C+WA+98133%2C+USA&authuser=0&hl=en&gl=US,3.8,11,https://gardner-roofing.com/,"roofing_contractor, point_of_interest, establishment",+1 206-498-0691
0803 336 8704,ChIJ-fKluu-XOxARzenL-4a4JBU,,Okponganm Roofings,"BLK 1 FT 10 MILLENUM EST IPAJA, Ipaja, Ikotun 101232, Lagos, Nigeria","BLK 1 FT 10 MILLENUM EST IPAJA, Ipaja, Lagos",1523545463847643597,https://encrypted-tbn0.gstatic.com/images?q=tbn:ANd9GcSX1mtYL8f3jCPWwGO9yCiCJlbi8LikmuJMew,"Lagos, LA 101232",6FR5M7JW+55,,Not Available,https://maps.google.com/?cid=1523545463847643597,6.680410199999999,3.2953796,https://search.google.com/local/reviews?placeid=ChIJ-fKluu-XOxARzenL-4a4JBU&q=Okponganm+Roofings%2C+BLK+1+FT+10+MILLENUM+EST+IPAJA%2C+Ipaja%2C+Ikotun+101232%2C+Lagos%2C+Nigeria&authuser=0&hl=en&gl=US,,,https://okponganm-roofings.business.site/?utm_source=gmb&utm_medium=referral,"roofing_contractor, point_of_interest, establishment",+234 803 336 8704
(206) 339-8545,ChIJZyqK2GEUkFQRxhRxhSvrCHw,contact@traderoofing.com,Trade Roofing,"4730 University Way NE Suite 104 PMB 2914, Seattle, WA 98105, USA","4730 University Way Northeast Suite 104 PMB 2914, Seattle",8937652032671651014,https://lh3.googleusercontent.com/places/ANJU3DuCwDuDvfWBzdq5C0hyWRDERs9RWRLDEOBrQhK6BeYqOtzm5HJZ4N4ss_L7S6vIWrYH16JNB_3-7pdMId_P2em2H5WxH_g8CwM=s1600-w400,"Seattle, WA 98105",84VVMM7P+HV,Facebook:  https://www.facebook.com/traderoofing/   Twitter:  https://www.Twitter.com/TradeRoofingLLC/    LinkedIn:  https://www.LinkedIn.com/company/trade-roofing/  ,"Monday: [Open 24 hours], Tuesday: [Open 24 hours], Wednesday: [Open 24 hours], Thursday: [Open 24 hours], Friday: [Open 24 hours], Saturday: [Open 24 hours], Sunday: [Open 24 hours]",https://maps.google.com/?cid=8937652032671651014,47.66395499999999,-122.312758,https://search.google.com/local/reviews?placeid=ChIJZyqK2GEUkFQRxhRxhSvrCHw&q=Trade+Roofing%2C+4730+University+Way+NE+Suite+104+PMB+2914%2C+Seattle%2C+WA+98105%2C+USA&authuser=0&hl=en&gl=US,5,4,https://traderoofing.com/,"roofing_contractor, point_of_interest, establishment",+1 206-339-8545
0703 854 7813,ChIJu9bz2ZSTOxARUklI4W_Hxro,,Hybrid RoofMart,"Apple Zone, 69 Adeyemo Akapo St, Omole Phase 1 101233, Ikeja, Lagos, Nigeria","Apple Zone, 69 Adeyemo Akapo Street, Ikeja",13458663819778214226,https://lh3.googleusercontent.com/places/ANJU3DvT15Ae5HRp7BDS5jDufMUeRVR_0XMu66Qe8uSISMYhWgn1SVcm3NJfj3LMbnZl7Du6SBaxzrAGWBzRgPnYEWY61gnBF55ZJg8=s1600-w400,"Ikeja, LA 101233",6FR5J9M5+JV,Not Available,"Monday: [Open 24 hours], Tuesday: [Open 24 hours], Wednesday: [Open 24 hours], Thursday: [Open 24 hours], Friday: [Open 24 hours], Saturday: [Open 24 hours], Sunday: [Open 24 hours]",https://maps.google.com/?cid=13458663819778214226,6.634089299999999,3.3597346,https://search.google.com/local/reviews?placeid=ChIJu9bz2ZSTOxARUklI4W_Hxro&q=Hybrid+RoofMart%2C+Apple+Zone%2C+69+Adeyemo+Akapo+St%2C+Omole+Phase+1+101233%2C+Ikeja%2C+Lagos%2C+Nigeria&authuser=0&hl=en&gl=US,4.9,7,,"roofing_contractor, point_of_interest, establishment",+234 703 854 7813
0907 686 0978,ChIJSW_3602NOxARN5yBxKBVjJE,,Fort Lee Roofing and Gutters,"MMA2 Ikeja, Onike 100001, Lagos, Nigeria","MMA2 Ikeja, Lagos",10487851781218999351,https://encrypted-tbn0.gstatic.com/images?q=tbn:ANd9GcSX1mtYL8f3jCPWwGO9yCiCJlbi8LikmuJMew,"Lagos, LA 100001",6FR5G96M+VM,Not Available,"Monday: [Open 24 hours], Tuesday: [Open 24 hours], Wednesday: [Open 24 hours], Thursday: [Open 24 hours], Friday: [Open 24 hours], Saturday: [Closed], Sunday: [Closed]",https://maps.google.com/?cid=10487851781218999351,6.512177999999998,3.3841871,https://search.google.com/local/reviews?placeid=ChIJSW_3602NOxARN5yBxKBVjJE&q=Fort+Lee+Roofing+and+Gutters%2C+MMA2+Ikeja%2C+Onike+100001%2C+Lagos%2C+Nigeria&authuser=0&hl=en&gl=US,,,,"roofing_contractor, point_of_interest, establishment",+234 907 686 0978
(425) 486-8683,ChIJ9XkeNBIOkFQR03Cm6ReKflo,,ROCK roofing inc.,"17210 Bothell Way NE Suite A, Bothell, WA 98011, USA","17210 Bothell Way Northeast Suite A, Bothell",6520801145787936979,https://lh3.googleusercontent.com/places/ANJU3DuAnu1ZoEr95N3Tw_yJb58CF55dbtbVQ3RJBL_-sjc5LY8KEQsF4h3o8xHqfO19I839WJ7F1o929gzuUS3mzSdYs0HkUgSGk3o=s1600-w400,"Bothell, WA 98011",84VVQQ3Q+68,,"Monday: [8:00 AM – 6:00 PM], Tuesday: [8:00 AM – 6:00 PM], Wednesday: [8:00 AM – 6:00 PM], Thursday: [8:00 AM – 6:00 PM], Friday: [8:00 AM – 6:00 PM], Saturday: [8:00 AM – 6:00 PM], Sunday: [Closed]",https://maps.google.com/?cid=6520801145787936979,47.7530685,-122.2117172,https://search.google.com/local/reviews?placeid=ChIJ9XkeNBIOkFQR03Cm6ReKflo&q=ROCK+roofing+inc.%2C+17210+Bothell+Way+NE+Suite+A%2C+Bothell%2C+WA+98011%2C+USA&authuser=0&hl=en&gl=US,4.8,34,http://www.rockroofing.com/,"roofing_contractor, point_of_interest, establishment",+1 425-486-8683
0816 150 5357,ChIJJf4vTLT-OxAR7cclfqNPreI,,EDGES STONE COATED ROOF SHEET/TILES,"Suite A21 Ajah shopping mall Ajah Lagos Eti-Osa East local government, Aja 105102, Lekki, Lagos, Nigeria","Suite A21 Ajah shopping mall Ajah Lagos Eti-Osa East local government, Lekki",16333798987157325805,https://lh3.googleusercontent.com/places/ANJU3DsNGBSG6ZtR2VJNrl7-eNqyvdKtxFle5sY4yztYA5WUwNpDgoqH9E9pO-RmOaDX5cuMH5bkZf-xvCK5yacTlhC4dT8BUNrvZxg=s1600-w400,"Lekki, LA 105102",6FR5FH86+QQ,,"Monday: [8:00 AM – 6:00 PM], Tuesday: [8:00 AM – 6:00 PM], Wednesday: [8:00 AM – 6:00 PM], Thursday: [8:00 AM – 6:00 PM], Friday: [8:00 AM – 6:00 PM], Saturday: [8:00 AM – 6:00 PM], Sunday: [Closed]",https://maps.google.com/?cid=16333798987157325805,6.466921699999999,3.5619454,https://search.google.com/local/reviews?placeid=ChIJJf4vTLT-OxAR7cclfqNPreI&q=EDGES+STONE+COATED+ROOF+SHEET%2FTILES%2C+Suite+A21+Ajah+shopping+mall+Ajah+Lagos+Eti-Osa+East+local+government%2C+Aja+105102%2C+Lekki%2C+Lagos%2C+Nigeria&authuser=0&hl=en&gl=US,4.4,15,http://edges-stone-coated-roofing-sheettiles.business.site/,"roofing_contractor, store, point_of_interest, establishment",+234 816 150 5357
0814 792 6177,ChIJ9VblSk6ROxARcQ0JzjAnD4c,,Functions aluminium roofing limited,"Mulero St, Orile Agege 102212, Lagos, Nigeria","Mulero Street, Lagos",9732040410339544433,https://lh3.googleusercontent.com/places/ANJU3DvI-HL6x7ntJh-fhZYPwC7MSQ561qT2j-_dz2NXVY9djgmmV60WWQ0_v-Z3-i3KXXnndlNVtIMkIzCqr2lMs0o_BixJ3AsuQA=s1600-w400,"Lagos, LA 102212",6FR5J8G5+76,,"Monday: [6:00 AM – 7:00 PM], Tuesday: [6:00 AM – 7:00 PM], Wednesday: [6:00 AM – 7:00 PM], Thursday: [6:00 AM – 7:00 PM], Friday: [6:00 AM – 7:00 PM], Saturday: [6:00 AM – 7:00 PM], Sunday: [8:30 AM – 6:00 PM]",https://maps.google.com/?cid=9732040410339544433,6.625695299999999,3.308052,https://search.google.com/local/reviews?placeid=ChIJ9VblSk6ROxARcQ0JzjAnD4c&q=Functions+aluminium+roofing+limited%2C+Mulero+St%2C+Orile+Agege+102212%2C+Lagos%2C+Nigeria&authuser=0&hl=en&gl=US,,,https://functions-aluminium-roofing-limited.business.site/?utm_source=gmb&utm_medium=referral,"roofing_contractor, point_of_interest, establishment",+234 814 792 6177
(425) 242-4795,ChIJX-RcMDQNkFQRsXV6ch2GG8g,,NearMe Roofing Company,"12650 120th Ave NE Suite #702, Kirkland, WA 98034, USA","12650 120th Avenue Northeast Suite #702, Kirkland",14419266092989576625,https://lh3.googleusercontent.com/places/ANJU3DuepyY50j-iAdYhkmkYl3xMn1O0jzgT4EGnxdJkJMq869Ms8TIZbtPArVv4A643f0fRXejWABKcg95rFYbz5ol3GQJ5jddwhw=s1600-w400,"Kirkland, WA 98034",84VVPR79+8W,,"Monday: [8:00 AM – 8:00 PM], Tuesday: [8:00 AM – 8:00 PM], Wednesday: [8:00 AM – 8:00 PM], Thursday: [8:00 AM – 8:00 PM], Friday: [8:00 AM – 8:00 PM], Saturday: [Closed], Sunday: [8:00 AM – 8:00 PM]",https://maps.google.com/?cid=14419266092989576625,47.7133207,-122.1801716,https://search.google.com/local/reviews?placeid=ChIJX-RcMDQNkFQRsXV6ch2GG8g&q=NearMe+Roofing+Company%2C+12650+120th+Ave+NE+Suite+%23702%2C+Kirkland%2C+WA+98034%2C+USA&authuser=0&hl=en&gl=US,5,22,https://nearmeroofingcompany.com/kirkland/,"roofing_contractor, point_of_interest, establishment",+1 425-242-4795
,ChIJf7sb05ePOxARaBJpIBpLvb0,,Fort Lee Roofing and Gutters,"63 Wosilatu Dawodu St, ijesha 101282, Lagos, Nigeria","63 Wosilatu Dawodu Street, Lagos",13672166619351683688,https://encrypted-tbn0.gstatic.com/images?q=tbn:ANd9GcSX1mtYL8f3jCPWwGO9yCiCJlbi8LikmuJMew,"Lagos, LA 101282",6FR5F8XP+G3,Not Available,"Monday: [9:00 AM – 5:00 PM], Tuesday: [9:00 AM – 5:00 PM], Wednesday: [9:00 AM – 5:00 PM], Thursday: [9:00 AM – 5:00 PM], Friday: [9:00 AM – 5:00 PM], Saturday: [10:00 AM – 4:00 PM], Sunday: [Closed]",https://maps.google.com/?cid=13672166619351683688,6.498848199999999,3.3352007,https://search.google.com/local/reviews?placeid=ChIJf7sb05ePOxARaBJpIBpLvb0&q=Fort+Lee+Roofing+and+Gutters%2C+63+Wosilatu+Dawodu+St%2C+ijesha+101282%2C+Lagos%2C+Nigeria&authuser=0&hl=en&gl=US,,,,"roofing_contractor, point_of_interest, establishment",
(425) 459-0093,ChIJP44QNAfBVgURw8P8rHQVSk4,,Summerflex Roofing & Construction LLC,"9808 Linden Ave N, Seattle, WA 98103, USA","9808 Linden Avenue North, Seattle",5641345074097603523,https://lh3.googleusercontent.com/places/ANJU3DubgwTPihHzGPbn4HLDya94Ny24KhTh454W-WIjTqe-zZ69BEzziw-4-ekH2i-FwJYsgJ1ERgerZvwtFZC-FMZisnkvNT9w8zQ=s1600-w400,"Seattle, WA 98103",84VVPM23+95,,"Monday: [Open 24 hours], Tuesday: [Open 24 hours], Wednesday: [Open 24 hours], Thursday: [Open 24 hours], Friday: [Open 24 hours], Saturday: [Open 24 hours], Sunday: [Open 24 hours]",https://maps.google.com/?cid=5641345074097603523,47.70088730000001,-122.347049,https://search.google.com/local/reviews?placeid=ChIJP44QNAfBVgURw8P8rHQVSk4&q=Summerflex+Roofing+%26+Construction+LLC%2C+9808+Linden+Ave+N%2C+Seattle%2C+WA+98103%2C+USA&authuser=0&hl=en&gl=US,4.9,44,http://www.summerflexconstruction.com/,"roofing_contractor, general_contractor, point_of_interest, establishment",+1 425-459-0093
(206) 735-4537,ChIJeXrWo1FBkFQRgPSCJWZKZv0,,The Garage Door Company,"3250 Airport Way S #650, Seattle, WA 98134, USA","3250 Airport Way South #650, Seattle",18259363541796713600,https://lh3.googleusercontent.com/places/ANJU3DtzMsLhejCwEitvnwMzYGDRzdjTsmuO0Y0Fd54LelTLoet7qCuLpHeoUTD-b33qEr2x9rwjNO-Rx0kBdwBf3omB452dkRdnaiU=s1600-w400,"Seattle, WA 98134",84VVHMGH+3H,Not Available,"Monday: [8:00 AM – 8:00 PM], Tuesday: [8:00 AM – 8:00 PM], Wednesday: [8:00 AM – 8:00 PM], Thursday: [8:00 AM – 8:00 PM], Friday: [8:00 AM – 8:00 PM], Saturday: [Closed], Sunday: [10:00 AM – 6:00 PM]",https://maps.google.com/?cid=18259363541796713600,47.5752041,-122.321112,https://search.google.com/local/reviews?placeid=ChIJeXrWo1FBkFQRgPSCJWZKZv0&q=The+Garage+Door+Company%2C+3250+Airport+Way+S+%23650%2C+Seattle%2C+WA+98134%2C+USA&authuser=0&hl=en&gl=US,5,2,,"roofing_contractor, point_of_interest, establishment",+1 206-735-4537
0803 367 6445,ChIJD_3KWpCNOxARyKNidorP_DA,,Majonagbe Roofing Contractors,"77 SIMPSON STR E/M, Ifako-Ijaiye 101245, Lagos, Nigeria","77 SIMPSON STR E/M, Lagos",3529924401550238664,https://encrypted-tbn0.gstatic.com/images?q=tbn:ANd9GcSX1mtYL8f3jCPWwGO9yCiCJlbi8LikmuJMew,"Lagos, LA 101245",6FR5F9VH+WP,Not Available,Not Available,https://maps.google.com/?cid=3529924401550238664,6.494770700000001,3.3792943,https://search.google.com/local/reviews?placeid=ChIJD_3KWpCNOxARyKNidorP_DA&q=Majonagbe+Roofing+Contractors%2C+77+SIMPSON+STR+E%2FM%2C+Ifako-Ijaiye+101245%2C+Lagos%2C+Nigeria&authuser=0&hl=en&gl=US,,,,"roofing_contractor, point_of_interest, establishment",+234 803 367 6445
0901 475 5751,ChIJN04eGTaNOxAR_yS2ptooMqk,,Motom Roofing Construction Nigeria,"21 Ojodu, Oke Ira 100218, Ikeja, Lagos, Nigeria",21 Ojodu,12191852060810290431,https://lh3.googleusercontent.com/places/ANJU3DucUr1kEV4E-MLSKMonsAxE_Hg2BLJwhTQQOYFxlN4w8aS4eLQagT2R1xsuVKs-Dt4QjQNcDDNEeMpHVy_g8jYZVdEKsYWVN-Y=s1600-w400,"Ikeja, LA 100218",6FR5F9RC+F4,Not Available,"Monday: [5:00 AM – 8:00 PM], Tuesday: [5:00 AM – 8:00 PM], Wednesday: [5:00 AM – 8:00 PM], Thursday: [5:00 AM – 8:00 PM], Friday: [5:00 AM – 8:00 PM], Saturday: [Closed], Sunday: [Closed]",https://maps.google.com/?cid=12191852060810290431,6.491180700000001,3.3703361,https://search.google.com/local/reviews?placeid=ChIJN04eGTaNOxAR_yS2ptooMqk&q=Motom+Roofing+Construction+Nigeria%2C+21+Ojodu%2C+Oke+Ira+100218%2C+Ikeja%2C+Lagos%2C+Nigeria&authuser=0&hl=en&gl=US,5,2,,"roofing_contractor, point_of_interest, establishment",+234 901 475 5751
(206) 339-9070,ChIJp4hUm2QVkFQRRAtbs3Jo5Ds,,Mountaintop Metal Roofing,"1455 Leary Wy NW Suite 400, Seattle, WA 98107, USA","1455 Leary Way Northwest Suite 400, Seattle",4315689184772426564,https://lh3.googleusercontent.com/places/ANJU3Du3CQNMyEAIjSJl0elGDa9cJ-yIr4pKWJWSloMggT5YwhymPe10wGPJKdUQDO1-R9PYZUbRBuhxkXWPOe98Txv3Yy87edk-kiA=s1600-w400,"Seattle, WA 98107",84VVMJ7F+9P,Facebook:  https://www.facebook.com/Mountaintop-Metal-Roofing-104508740941961/   Twitter:  https://www.Twitter.com/MountaintopMet2/    Instagram:  https://www.Instagram.com/mountaintopmetalroofing/ LinkedIn:  https://www.LinkedIn.com/company/mountaintop-metal-roofing/  YouTube_Channel:  https://www.youtube.com/channel/UCdkY3f_uBBq_MJrq7TX-CrQ/  ,"Monday: [8:30 AM – 5:30 PM], Tuesday: [8:30 AM – 5:30 PM], Wednesday: [8:30 AM – 5:30 PM], Thursday: [8:30 AM – 5:30 PM], Friday: [8:30 AM – 5:30 PM], Saturday: [Closed], Sunday: [Closed]",https://maps.google.com/?cid=4315689184772426564,47.66344429999999,-122.3756928,https://search.google.com/local/reviews?placeid=ChIJp4hUm2QVkFQRRAtbs3Jo5Ds&q=Mountaintop+Metal+Roofing%2C+1455+Leary+Wy+NW+Suite+400%2C+Seattle%2C+WA+98107%2C+USA&authuser=0&hl=en&gl=US,5,25,https://www.mountaintopmetalroofing.com/seattle-metal-roofing/?utm_source=GMB&utm_medium=organic&utm_content=seattle_landing_page,"roofing_contractor, point_of_interest, establishment",+1 206-339-9070
,ChIJw4tbcmoVkFQR-PJxPljqwjM,,"King's Industrial Roofing, LLC","5608 17th Ave NW #782, Seattle, WA 98107, USA","5608 17th Avenue Northwest #782, Seattle",3729801106141868792,https://lh3.googleusercontent.com/places/ANJU3DsGIwWQN7bhuaAXj37R_xDDaHNHSb52lrmHrt-4IqWSEb_mOaqiruHeGSiWoxhk_x8YUoERpph84zpQQG9tU4MDfVpaTfSIiQw=s1600-w400,"Seattle, WA 98107",84VVMJ9C+RH,,"Monday: [7:00 AM – 4:00 PM], Tuesday: [7:00 AM – 4:00 PM], Wednesday: [7:00 AM – 4:00 PM], Thursday: [7:00 AM – 4:00 PM], Friday: [7:00 AM – 4:00 PM], Saturday: [7:00 AM – 4:00 PM], Sunday: [Closed]",https://maps.google.com/?cid=3729801106141868792,47.6696163,-122.3785128,https://search.google.com/local/reviews?placeid=ChIJw4tbcmoVkFQR-PJxPljqwjM&q=King%27s+Industrial+Roofing%2C+LLC%2C+5608+17th+Ave+NW+%23782%2C+Seattle%2C+WA+98107%2C+USA&authuser=0&hl=en&gl=US,5,8,https://kingsindustrialroofing.com/,"roofing_contractor, general_contractor, point_of_interest, establishment",
(206) 201-1148,ChIJJxp82oZqkFQR84xbR-HfaBU,,John Michael Roofing,"1400 Hubbell Pl, Seattle, WA 98101, USA","1400 Hubbell Place, Seattle",1542729031032212723,https://lh3.googleusercontent.com/places/ANJU3DsYhvC0F7h0gs3axmRw2GkO5XaF5x-FM_oQOVfB0ht8y-8ffPSYHu8AQ0aEONnN_3NdEUOEK7-v0jW5AhSbcwOWb5_SNvYCenk=s1600-w400,"Seattle, WA 98101",84VVJM6C+V3,,"Monday: [9:00 AM – 6:00 PM], Tuesday: [9:00 AM – 6:00 PM], Wednesday: [9:00 AM – 6:00 PM], Thursday: [9:00 AM – 6:00 PM], Friday: [9:00 AM – 6:00 PM], Saturday: [Closed], Sunday: [Closed]",https://maps.google.com/?cid=1542729031032212723,47.6121375,-122.3298179,https://search.google.com/local/reviews?placeid=ChIJJxp82oZqkFQR84xbR-HfaBU&q=John+Michael+Roofing%2C+1400+Hubbell+Pl%2C+Seattle%2C+WA+98101%2C+USA&authuser=0&hl=en&gl=US,4.7,12,http://johnmichaelroofing.com/,"roofing_contractor, general_contractor, point_of_interest, establishment",+1 206-201-1148
